,dport,sport,num_packets down,total_bytes down,min_pkt_size down,max_pkt_size down,mean_pkt_size down,std_pkt_size down,min_iat down,max_iat down,mean_iat down,std_iat down,num_packets up,total_bytes up,min_pkt_size up,max_pkt_size up,mean_pkt_size up,std_pkt_size up,min_iat up,max_iat up,mean_iat up,std_iat up,website
0,443.0,45578.0,16.0,4856.0,52.0,2948.0,303.5,716.1284800927833,0.0,0.00783,0.0011788,0.0021322612142310998,18.0,1768.0,40.0,569.0,98.22222222222223,120.59146177733635,4.000000000000001e-06,0.006451,0.001165294117647059,0.001761439992048618,dailymail.co.uk
1,443.0,45596.0,16.0,4857.0,52.0,2948.0,303.5625,716.1210296916762,1.0000000000000002e-06,0.012438000000000001,0.001844,0.0034111800429930824,18.0,1768.0,40.0,569.0,98.22222222222223,120.59146177733635,7.000000000000001e-06,0.011057,0.001706235294117647,0.0029112691718864592,dailymail.co.uk
2,443.0,45626.0,15.0,4803.0,52.0,2948.0,320.2,738.0150211402013,1.0000000000000002e-06,0.007831000000000001,0.0013493571428571432,0.002313216894521329,19.0,1808.0,40.0,569.0,95.15789473684211,117.95256257302707,4.000000000000001e-06,0.006357000000000001,0.0011353333333333335,0.0018062938331746324,dailymail.co.uk
3,443.0,45664.0,17.0,4930.0,52.0,2948.0,290.0,694.4060411603574,1.0000000000000002e-06,0.012148,0.0016826875000000008,0.0032449800763384258,19.0,1820.0,40.0,569.0,95.78947368421052,117.67260558542569,6e-06,0.011018,0.0015548333333333334,0.002837925966990268,dailymail.co.uk
4,443.0,45696.0,17.0,4908.0,52.0,2948.0,288.70588235294116,696.0662472697804,1.0000000000000002e-06,0.007307,0.00105475,0.0020588870942008126,19.0,1808.0,40.0,569.0,95.15789473684211,117.95256257302707,4.000000000000001e-06,0.006267,0.0009974444444444442,0.0017519076399984581,dailymail.co.uk
5,443.0,45740.0,17.0,4931.0,52.0,2948.0,290.05882352941177,694.4000531563413,0.0,0.013056000000000002,0.0022883125000000004,0.004321604821031959,19.0,1820.0,40.0,569.0,95.78947368421052,117.67260558542569,6e-06,0.013101000000000002,0.002122833333333333,0.003900534733325978,dailymail.co.uk
6,443.0,45770.0,16.0,4857.0,52.0,2948.0,303.5625,716.1210296916762,1.0000000000000002e-06,0.032129000000000005,0.0030273333333333346,0.008192298366381044,18.0,1768.0,40.0,569.0,98.22222222222223,120.59146177733635,6e-06,0.030938,0.0027407058823529415,0.007395473951721298,dailymail.co.uk
7,443.0,45800.0,16.0,4855.0,52.0,2948.0,303.4375,716.1360176903081,0.0,0.008181,0.0012572666666666667,0.0023196583635978654,18.0,1768.0,40.0,569.0,98.22222222222223,120.59146177733635,3e-06,0.0065190000000000005,0.0012064705882352943,0.0018793490933580923,dailymail.co.uk
8,443.0,45812.0,17.0,4930.0,52.0,2948.0,290.0,694.4060411603574,1.0000000000000002e-06,0.007973000000000001,0.0011672499999999997,0.002043395099664608,19.0,1820.0,40.0,569.0,95.78947368421052,117.67260558542569,8.000000000000001e-06,0.006567000000000001,0.0011151111111111112,0.0017838556354437922,dailymail.co.uk
9,443.0,45822.0,16.0,4856.0,52.0,2948.0,303.5,716.1284800927833,0.0,0.007818,0.0014072666666666666,0.002272761770768478,18.0,1768.0,40.0,569.0,98.22222222222223,120.59146177733635,4.000000000000001e-06,0.006318000000000001,0.0013281176470588236,0.0019401427422471053,dailymail.co.uk
10,443.0,43226.0,89.0,876831.0,52.0,56524.0,9852.033707865168,13617.574682647684,0.0,0.012533,0.0015293636363636364,0.0031868904932039915,83.0,5132.0,40.0,569.0,61.83132530120482,58.15094304902068,3e-06,0.013970000000000002,0.0016680609756097567,0.0032977480357582172,news18.com
11,443.0,43258.0,83.0,876503.0,52.0,56524.0,10560.277108433735,14028.639920093474,1.0000000000000002e-06,0.013144000000000001,0.0015345121951219512,0.003112339623490375,78.0,4872.0,40.0,569.0,62.46153846153846,59.953595108496906,7.000000000000001e-06,0.012568000000000001,0.0016546753246753246,0.003121733789695276,news18.com
12,443.0,43318.0,82.0,876120.0,52.0,56524.0,10684.390243902439,14335.735421248952,0.0,0.010845,0.0013926049382716047,0.00275944577170404,68.0,4352.0,40.0,569.0,64.0,64.12627468111344,5e-06,0.010832000000000001,0.0017029999999999997,0.0029352606925677547,news18.com
13,443.0,43358.0,104.0,881954.0,52.0,39148.0,8480.326923076924,9504.568823120957,0.0,0.012616,0.0010965145631067967,0.002701161260309647,79.0,5008.0,52.0,569.0,63.392405063291136,59.39857067293504,6e-06,0.012620000000000001,0.0014635641025641031,0.0029755615102081663,news18.com
14,443.0,43384.0,76.0,881644.0,52.0,56524.0,11600.578947368422,15260.583967212753,0.0,0.012147000000000002,0.0016554666666666672,0.0030633619022479444,78.0,4932.0,40.0,569.0,63.23076923076923,59.89057621096264,8.000000000000001e-06,0.012156,0.0016373506493506489,0.002970502645602671,news18.com
15,443.0,43440.0,75.0,875659.0,52.0,56524.0,11675.453333333333,15968.283480237484,1.0000000000000002e-06,0.010193,0.0015850000000000007,0.002773514727778723,68.0,4352.0,40.0,569.0,64.0,64.12627468111344,7.000000000000001e-06,0.010194,0.0017875223880597017,0.0028159017843915773,news18.com
16,443.0,43462.0,125.0,879177.0,52.0,38861.0,7033.416,8060.231543524402,0.0,1.4549690000000002,0.013256217741935474,0.13063416147459928,112.0,6640.0,40.0,569.0,59.285714285714285,50.167544257044405,5e-06,1.456466,0.01482846846846847,0.1381935495252825,news18.com
17,443.0,43504.0,80.0,876421.0,52.0,55076.0,10955.2625,12491.654704615215,1.0000000000000002e-06,0.026669,0.0016655063291139236,0.0038877046120558674,78.0,4872.0,40.0,569.0,62.46153846153846,59.953595108496906,1.2e-05,0.024958,0.0017297402597402612,0.0037689238950109013,news18.com
18,443.0,43540.0,84.0,876635.0,52.0,56524.0,10436.130952380952,14088.799716103435,0.0,0.016028,0.0017348072289156617,0.0034446417437629024,67.0,4312.0,40.0,569.0,64.35820895522389,64.57546712428281,3e-06,0.016058,0.002202621212121212,0.0038170371061462018,news18.com
19,443.0,43566.0,102.0,877640.0,52.0,49284.0,8604.313725490196,9624.518295242277,1.0000000000000002e-06,0.012449,0.001253534653465347,0.0028768931108553767,91.0,5548.0,40.0,569.0,60.967032967032964,55.57686380129577,7.000000000000001e-06,0.011063,0.001422566666666667,0.0029678880170960764,news18.com
20,443.0,39940.0,14.0,11727.0,52.0,4148.0,837.6428571428571,1121.8169744552024,0.0,0.02358,0.004851076923076924,0.00853167457636091,22.0,1947.0,40.0,569.0,88.5,109.99469684186295,3e-06,0.017901,0.0038542380952380963,0.006798919634065121,news.yahoo.com
21,443.0,39958.0,14.0,11727.0,52.0,4148.0,837.6428571428571,1121.8169744552024,1.0000000000000002e-06,0.025139,0.005142307692307694,0.009221139267869015,22.0,1947.0,40.0,569.0,88.5,109.99469684186295,3e-06,0.019091,0.004062333333333334,0.007271546873488016,news.yahoo.com
22,443.0,39972.0,14.0,11727.0,52.0,4148.0,837.6428571428571,1121.8169744552024,0.0,0.02399,0.004832000000000001,0.008689601458064692,22.0,1947.0,40.0,569.0,88.5,109.99469684186295,3e-06,0.017835,0.0038164761904761904,0.00678953755140251,news.yahoo.com
23,443.0,39982.0,14.0,11727.0,52.0,4148.0,837.6428571428571,1121.8169744552024,1.0000000000000002e-06,0.025254000000000002,0.005114307692307692,0.009204098094369118,22.0,1947.0,40.0,569.0,88.5,109.99469684186295,9e-06,0.018944000000000003,0.00405104761904762,0.007280223578134056,news.yahoo.com
24,443.0,39986.0,14.0,11727.0,52.0,4148.0,837.6428571428571,1121.8169744552024,0.0,0.023491,0.004751692307692308,0.00851723025582667,22.0,1947.0,40.0,569.0,88.5,109.99469684186295,3e-06,0.017644,0.0037522857142857145,0.006718682632353288,news.yahoo.com
25,443.0,40000.0,14.0,11727.0,52.0,4148.0,837.6428571428571,1121.8169744552024,0.0,0.025204,0.005016153846153847,0.009085309963948707,22.0,1947.0,40.0,569.0,88.5,109.99469684186295,3e-06,0.018811,0.003999857142857143,0.007170184504499967,news.yahoo.com
26,443.0,40016.0,14.0,11727.0,52.0,4148.0,837.6428571428571,1121.8169744552024,0.0,0.024458,0.004925846153846154,0.008907608375672954,22.0,1947.0,40.0,569.0,88.5,109.99469684186295,3e-06,0.018211,0.003897000000000001,0.006990211305819017,news.yahoo.com
27,443.0,40040.0,14.0,11727.0,52.0,4148.0,837.6428571428571,1121.8169744552024,0.0,0.022532,0.004634384615384617,0.008295180614252889,22.0,1947.0,40.0,569.0,88.5,109.99469684186295,3e-06,0.01658,0.0036365714285714287,0.006311404388655734,news.yahoo.com
28,443.0,40046.0,14.0,11727.0,52.0,4148.0,837.6428571428571,1121.8169744552024,0.0,0.024502000000000003,0.004993153846153847,0.008846210401881643,22.0,1947.0,40.0,569.0,88.5,109.99469684186295,2.0000000000000003e-06,0.019105,0.003925714285714286,0.007046369080191991,news.yahoo.com
29,443.0,40060.0,14.0,11727.0,52.0,4148.0,837.6428571428571,1121.8169744552024,0.0,0.025557000000000003,0.005236923076923078,0.009414196305416787,22.0,1947.0,40.0,569.0,88.5,109.99469684186295,3e-06,0.019221000000000002,0.004142857142857144,0.007371620977001696,news.yahoo.com
30,443.0,60782.0,101.0,1311415.0,52.0,56524.0,12984.30693069307,12703.30850978797,1.0000000000000002e-06,0.011802,0.0004971900000000001,0.0015170601933351296,73.0,4610.0,40.0,569.0,63.15068493150685,61.912499014711,4.000000000000001e-06,0.013268,0.0007255277777777776,0.0018226322396214956,cnbc.com
31,443.0,60796.0,85.0,1310714.0,52.0,56524.0,15420.164705882353,16041.755099209851,0.0,0.014798,0.0005836785714285715,0.001876023859641695,73.0,4610.0,40.0,569.0,63.15068493150685,61.912499014711,4.000000000000001e-06,0.016069,0.0006990833333333333,0.002085228833661283,cnbc.com
32,443.0,60812.0,83.0,1310545.0,52.0,56974.0,15789.698795180722,14625.713096423739,0.0,0.011058,0.0006459146341463415,0.0016807964837490582,66.0,4258.0,40.0,569.0,64.51515151515152,64.99496842637824,4.000000000000001e-06,0.012409000000000002,0.0008361384615384615,0.001906975541244262,cnbc.com
33,443.0,60822.0,82.0,1310449.0,52.0,56719.0,15981.085365853658,17661.110215791956,0.0,0.029567000000000003,0.0008195679012345681,0.003431772235078663,66.0,4246.0,40.0,569.0,64.33333333333333,65.04728063454098,4.000000000000001e-06,0.031221000000000002,0.0010477538461538462,0.003954432054791375,cnbc.com
34,443.0,60844.0,88.0,1310803.0,52.0,56524.0,14895.488636363636,13766.49635473482,0.0,0.022071,0.0007122298850574717,0.0026382161728041435,88.0,5402.0,40.0,569.0,61.38636363636363,56.44312197964239,4.000000000000001e-06,0.023423000000000003,0.0007336551724137934,0.002696339162589029,cnbc.com
35,443.0,60848.0,88.0,1310737.0,52.0,56524.0,14894.738636363636,17994.776568729325,0.0,0.011593000000000001,0.0005544942528735636,0.0015877272470462606,86.0,5286.0,40.0,569.0,61.46511627906977,57.12312762783825,4.000000000000001e-06,0.011604000000000001,0.0005912705882352942,0.0015225222681007806,cnbc.com
36,443.0,60862.0,80.0,1310520.0,52.0,56524.0,16381.5,18452.452015032817,0.0,0.020531,0.0007079746835443039,0.002518831515699108,79.0,4922.0,40.0,569.0,62.30379746835443,59.557848291275974,4.000000000000001e-06,0.021922,0.0007364871794871803,0.002631361583961388,cnbc.com
37,443.0,60874.0,98.0,1311412.0,52.0,56524.0,13381.755102040815,13462.481690966677,0.0,0.040121000000000004,0.0009636907216494852,0.004247503704042002,96.0,5806.0,40.0,569.0,60.479166666666664,54.11118751270479,5e-06,0.041944,0.00100358947368421,0.004438689296414064,cnbc.com
38,443.0,60892.0,87.0,1310488.0,52.0,56524.0,15063.080459770115,14589.850146845394,0.0,0.038411,0.0009465930232558141,0.004299234879611535,76.0,4778.0,40.0,569.0,62.86842105263158,60.65670440663334,5e-06,0.039821,0.0011040000000000002,0.004700208879774762,cnbc.com
39,443.0,60904.0,85.0,1310560.0,52.0,56524.0,15418.35294117647,16629.429370350423,0.0,0.015732,0.0006075714285714288,0.001987220964943554,77.0,4818.0,40.0,569.0,62.57142857142857,60.312656560239446,5e-06,0.017168000000000003,0.0006926184210526318,0.0021542552059716927,cnbc.com
40,443.0,44248.0,75.0,1128900.0,52.0,56368.0,15052.0,15720.209458064019,1.0000000000000002e-06,0.008284,0.0006501891891891892,0.0011088226839937301,71.0,4573.0,40.0,569.0,64.40845070422536,63.24116594768427,6e-06,0.006399,0.0007245714285714282,0.0010078678825803805,cnn.com
41,443.0,44256.0,72.0,1128799.0,52.0,56368.0,15677.763888888889,16624.11261932757,1.0000000000000002e-06,0.008176000000000001,0.0004250985915492957,0.0010427272229923876,70.0,4521.0,40.0,569.0,64.58571428571429,63.680018219979175,5e-06,0.006622,0.0004594637681159423,0.0009406883365185642,cnn.com
42,443.0,44270.0,73.0,1128764.0,52.0,47704.0,15462.520547945205,15138.779258826935,0.0,0.008262,0.0006043194444444444,0.0010616908096951936,72.0,4625.0,40.0,569.0,64.23611111111111,62.811251583682264,6e-06,0.006479,0.0006390422535211268,0.0009619913785865492,cnn.com
43,443.0,44274.0,71.0,1128693.0,52.0,52036.0,15897.084507042253,14072.762675006008,0.0,0.008238,0.0007081000000000001,0.001126188018770928,69.0,4469.0,40.0,569.0,64.76811594202898,64.12812196907436,7.000000000000001e-06,0.006457,0.0007564705882352943,0.0010994618964787295,cnn.com
44,443.0,44282.0,78.0,1129082.0,52.0,53480.0,14475.410256410256,14636.067654085176,0.0,0.0074080000000000005,0.0004265064935064937,0.0008915877118845881,78.0,4937.0,40.0,569.0,63.294871794871796,60.403644203808014,5e-06,0.006397000000000001,0.0004395194805194804,0.0008106641301133031,cnn.com
45,443.0,44296.0,65.0,1128438.0,52.0,56368.0,17360.584615384614,18932.695371443668,0.0,0.007842,0.0004689375,0.0011171526145901975,47.0,3325.0,40.0,569.0,70.74468085106383,77.23185535749565,7.000000000000001e-06,0.006483,0.0006813043478260872,0.001215085819914978,cnn.com
46,443.0,44302.0,66.0,1128460.0,52.0,56368.0,17097.878787878788,19160.371931121994,0.0,0.008112000000000001,0.0004997076923076925,0.0011342510155808345,61.0,4053.0,40.0,569.0,66.44262295081967,68.08928564518902,4.000000000000001e-06,0.006595,0.00056785,0.0011480631858976922,cnn.com
47,443.0,44308.0,74.0,1128874.0,52.0,47704.0,15255.054054054053,14103.832141142751,0.0,0.008149,0.0005506301369863018,0.0010105541316367162,69.0,4469.0,40.0,569.0,64.76811594202898,64.12812196907436,1e-05,0.006814000000000001,0.0006117058823529413,0.0009303166859109238,cnn.com
48,443.0,44324.0,72.0,1128742.0,52.0,56368.0,15676.972222222223,16052.53489961766,0.0,0.007935000000000001,0.0005899436619718311,0.0010206476779452199,69.0,4469.0,40.0,569.0,64.76811594202898,64.12812196907436,1e-05,0.006361,0.000639,0.000933308078904953,cnn.com
49,443.0,44328.0,77.0,1129002.0,52.0,50592.0,14662.363636363636,14463.103126585222,0.0,0.007690000000000001,0.0004403815789473685,0.0009296748674256001,74.0,4729.0,40.0,569.0,63.9054054054054,61.977054728722685,1e-05,0.0065580000000000005,0.00047458904109589007,0.0008594272129288661,cnn.com
50,443.0,34410.0,62.0,318192.0,52.0,20324.0,5132.129032258064,5416.785646227484,1.0000000000000002e-06,0.00816,0.0005720655737704919,0.0014699956674409224,62.0,4041.0,40.0,569.0,65.1774193548387,67.10244778060729,4.000000000000001e-06,0.008953000000000001,0.0006122459016393441,0.0014568937235975466,foxnews.com
51,443.0,34426.0,68.0,318491.0,52.0,26116.0,4683.691176470588,5146.677160919165,1.0000000000000002e-06,0.008605,0.00043498507462686587,0.0011931177707692447,59.0,3885.0,40.0,569.0,65.84745762711864,68.74736698640042,9e-06,0.006502000000000001,0.0005272413793103449,0.0010699920037468855,foxnews.com
52,443.0,34438.0,61.0,318128.0,52.0,17428.0,5215.213114754099,4871.065455369268,0.0,0.008075,0.00047748333333333355,0.001180180329393354,64.0,4145.0,40.0,569.0,64.765625,66.06916582354471,5e-06,0.006468000000000001,0.00047811111111111123,0.001033672892527186,foxnews.com
53,443.0,34458.0,59.0,317976.0,52.0,23220.0,5389.423728813559,5406.635039956859,0.0,0.008217,0.0006722586206896551,0.0015469108952705828,61.0,3989.0,40.0,569.0,65.39344262295081,67.63758291771524,5e-06,0.006841000000000001,0.0006702166666666666,0.001465776858774048,foxnews.com
54,443.0,34470.0,60.0,318027.0,52.0,18876.0,5300.45,5403.007952026446,0.0,0.007746,0.0006302033898305086,0.001504402720060769,61.0,3989.0,40.0,569.0,65.39344262295081,67.63758291771524,3e-06,0.007314,0.0006405333333333334,0.0013912081868681769,foxnews.com
55,443.0,34480.0,71.0,318443.0,52.0,20324.0,4485.112676056338,4132.509077163295,1.0000000000000002e-06,0.008002,0.0006788285714285715,0.0016171226546960694,72.0,4573.0,40.0,569.0,63.513888888888886,62.319484226371735,5e-06,0.006954,0.0006864225352112678,0.0014539491803063414,foxnews.com
56,443.0,34500.0,66.0,318326.0,52.0,15980.0,4823.121212121212,4548.279284149122,0.0,0.009082,0.0005640615384615384,0.0013707813565276728,67.0,4301.0,40.0,569.0,64.19402985074628,64.60491556632832,7.000000000000001e-06,0.007567000000000001,0.0005772121212121213,0.0012064694393802559,foxnews.com
57,443.0,34514.0,66.0,318281.0,52.0,20324.0,4822.439393939394,4969.971116241059,1.0000000000000002e-06,0.012215,0.0005134923076923078,0.001606487541998429,68.0,4353.0,40.0,569.0,64.01470588235294,64.13802575441026,3e-06,0.010935,0.0005184776119402983,0.0014503475169578234,foxnews.com
58,443.0,34538.0,62.0,318135.0,52.0,18876.0,5131.209677419355,4990.808851088323,1.0000000000000002e-06,0.007877,0.00045696721311475405,0.0011569259406895662,64.0,4145.0,40.0,569.0,64.765625,66.06916582354471,3e-06,0.006739,0.0004605396825396825,0.0010378516089063865,foxnews.com
59,443.0,34558.0,63.0,318254.0,52.0,28982.0,5051.650793650793,5212.668275797669,0.0,0.007592000000000001,0.000407983870967742,0.0011028918543350209,65.0,4197.0,40.0,569.0,64.56923076923077,65.57008874831216,3e-06,0.006353,0.00041456250000000005,0.0009479277293964609,foxnews.com
60,443.0,55412.0,23.0,58122.0,40.0,8270.0,2527.0434782608695,3073.754211476443,1.0000000000000002e-06,0.11963700000000001,0.0065099090909090905,0.025363072872094022,25.0,1982.0,40.0,557.0,79.28,105.80702560164268,3e-06,0.119757,0.0060545833333333346,0.024289561237766075,msn.com
61,443.0,55434.0,22.0,57667.0,40.0,8800.0,2621.2272727272725,3335.4620716778854,0.0,0.615716,0.03033928571428573,0.13413992736174526,25.0,1982.0,40.0,557.0,79.28,105.80702560164268,3e-06,0.615739,0.026618083333333337,0.12549205144962858,msn.com
62,443.0,55446.0,21.0,57692.0,40.0,8800.0,2747.2380952380954,3407.711297994035,1.0000000000000002e-06,0.5638620000000001,0.02929665,0.12583906644234766,25.0,1982.0,40.0,557.0,79.28,105.80702560164268,3e-06,0.5639080000000001,0.024480125000000005,0.11490839060343096,msn.com
63,443.0,55452.0,21.0,57327.0,40.0,8800.0,2729.8571428571427,3187.7711066780544,0.0,0.128468,0.007748050000000001,0.02851037520932188,23.0,1902.0,40.0,557.0,82.69565217391305,109.81986688234208,3e-06,0.12849100000000002,0.007160545454545458,0.02716075506301461,msn.com
64,443.0,55460.0,22.0,57924.0,40.0,8800.0,2632.909090909091,3163.7947815737703,0.0,0.126094,0.007105904761904762,0.027344883579757225,23.0,1902.0,40.0,557.0,82.69565217391305,109.81986688234208,7.000000000000001e-06,0.12611,0.006875272727272727,0.026683943458445315,msn.com
65,443.0,55498.0,23.0,57792.0,40.0,8270.0,2512.695652173913,3113.099689359358,1.0000000000000002e-06,0.08318600000000001,0.006035227272727272,0.018004709820149623,25.0,1982.0,40.0,557.0,79.28,105.80702560164268,1.2e-05,0.083203,0.005586500000000001,0.017160812877270577,msn.com
66,443.0,55510.0,24.0,57717.0,40.0,8270.0,2404.875,3000.9429143187645,1.0000000000000002e-06,0.083692,0.00453308695652174,0.017353206976110532,26.0,2022.0,40.0,557.0,77.76923076923077,103.95510865457558,3e-06,0.083706,0.0042311599999999994,0.016626116741139528,msn.com
67,443.0,55522.0,22.0,57774.0,40.0,8800.0,2626.090909090909,3392.710307326169,0.0,0.10167100000000001,0.006034666666666667,0.02203325034200205,23.0,1902.0,40.0,557.0,82.69565217391305,109.81986688234208,4.000000000000001e-06,0.10168600000000001,0.005848045454545456,0.021485271286067833,msn.com
68,443.0,55528.0,23.0,57857.0,40.0,8800.0,2515.521739130435,3320.053256275557,0.0,0.122574,0.0065280909090909105,0.025988617953523405,23.0,1902.0,40.0,557.0,82.69565217391305,109.81986688234208,3e-06,0.12259,0.0066033181818181816,0.025953970587848242,msn.com
69,443.0,55540.0,21.0,57637.0,40.0,8800.0,2744.6190476190477,3366.260810991782,0.0,0.121563,0.0072502500000000015,0.026986730536311246,23.0,1902.0,40.0,557.0,82.69565217391305,109.81986688234208,5e-06,0.121588,0.006686090909090909,0.025717268232156296,msn.com
70,443.0,41030.0,49.0,320664.0,52.0,27513.0,6544.163265306122,7484.526013012166,0.0,0.043730000000000005,0.0017171458333333333,0.006373961008331236,52.0,3531.0,40.0,569.0,67.90384615384616,73.01470698357576,5e-06,0.04374,0.0016597254901960779,0.006164133593874913,ndtv.com
71,443.0,41046.0,47.0,320539.0,52.0,34804.0,6819.978723404255,9320.079868778326,1.0000000000000002e-06,0.037766,0.001990673913043478,0.006385212579961951,48.0,3311.0,40.0,569.0,68.97916666666667,75.9824978680584,5e-06,0.039508,0.0019827872340425533,0.00641830908565207,ndtv.com
72,443.0,41064.0,61.0,321219.0,52.0,16458.0,5265.88524590164,5980.168860766281,0.0,0.043417000000000004,0.0015385000000000004,0.00571234810724146,60.0,3935.0,40.0,569.0,65.58333333333333,68.1616452780128,5e-06,0.044799000000000005,0.0016035254237288137,0.005901610503033465,ndtv.com
73,443.0,41070.0,62.0,321390.0,52.0,16458.0,5183.709677419355,5665.980636224302,0.0,0.010929000000000001,0.0008841803278688525,0.0019194497172210295,58.0,3831.0,40.0,569.0,66.05172413793103,69.29884999774737,4.000000000000001e-06,0.012123,0.0009726491228070173,0.002003208591335661,ndtv.com
74,443.0,41088.0,54.0,321027.0,52.0,32931.0,5944.944444444444,7317.518871230713,1.0000000000000002e-06,0.043193,0.0017135849056603774,0.006037813694459158,52.0,3519.0,40.0,569.0,67.67307692307692,73.08488783300264,5e-06,0.044584000000000006,0.0018144313725490197,0.006305986375674791,ndtv.com
75,443.0,41102.0,50.0,320550.0,52.0,42030.0,6411.0,8616.525219434041,0.0,0.032437,0.0014248571428571429,0.004788402443230238,52.0,3519.0,40.0,569.0,67.67307692307692,73.08488783300264,4.000000000000001e-06,0.033546,0.0013942156862745097,0.004814579044168767,ndtv.com
76,443.0,41116.0,53.0,320900.0,52.0,31416.0,6054.7169811320755,6851.086644235459,1.0000000000000002e-06,0.009827,0.0009705576923076927,0.0019285247171974822,55.0,3675.0,40.0,569.0,66.81818181818181,71.11651652435559,5e-06,0.011487,0.0009682037037037043,0.001953971904354024,ndtv.com
77,443.0,41120.0,54.0,320868.0,52.0,32864.0,5942.0,7553.110969710078,1.0000000000000002e-06,0.037270000000000005,0.0014548867924528304,0.005217294924871646,53.0,3571.0,40.0,569.0,67.37735849056604,72.4107478250332,3e-06,0.038631000000000006,0.0015162307692307695,0.005410803530683972,ndtv.com
78,443.0,41134.0,49.0,320533.0,52.0,32864.0,6541.489795918367,8236.978122372026,0.0,0.010553,0.0009533125000000003,0.0020025554754315427,51.0,3467.0,40.0,569.0,67.98039215686275,73.77817839878627,3e-06,0.011979,0.0009473999999999999,0.002028538289467748,ndtv.com
79,443.0,41144.0,49.0,320586.0,52.0,35898.0,6542.571428571428,8848.146032267627,0.0,0.034446000000000004,0.0014937083333333336,0.005062680788296296,51.0,3467.0,40.0,569.0,67.98039215686275,73.77817839878627,3e-06,0.036219,0.00146996,0.005161977950913226,ndtv.com
80,443.0,40546.0,49.0,372762.0,52.0,31820.0,7607.3877551020405,8007.335579060006,1.0000000000000002e-06,0.046256000000000005,0.0019088750000000006,0.006923775939517276,49.0,3375.0,40.0,569.0,68.87755102040816,75.15030290831096,7.000000000000001e-06,0.048105,0.0019641041666666674,0.007089524424345156,bbc.co.uk
81,443.0,40586.0,48.0,372689.0,52.0,36152.0,7764.354166666667,8889.005158153775,1.0000000000000002e-06,0.019029,0.0015807446808510641,0.003877854132445603,44.0,3115.0,40.0,569.0,70.79545454545455,79.16675939314334,8.000000000000001e-06,0.016213,0.001767767441860465,0.003454778318552915,bbc.co.uk
82,443.0,40610.0,55.0,373073.0,52.0,30376.0,6783.145454545454,6880.432034287615,1.0000000000000002e-06,0.023659000000000003,0.0010944444444444445,0.0033434771735519437,54.0,3623.0,40.0,569.0,67.0925925925926,71.75489425645756,9e-06,0.022196,0.0011412452830188685,0.0031584306832645455,bbc.co.uk
83,443.0,40658.0,45.0,372510.0,52.0,34708.0,8278.0,8391.515214245226,1.0000000000000002e-06,0.008183000000000001,0.0006728636363636363,0.0012665624708637243,46.0,3219.0,40.0,569.0,69.97826086956522,77.48447561513625,1.1000000000000001e-05,0.006461000000000001,0.0006968888888888888,0.0011116477577783972,bbc.co.uk
84,443.0,40678.0,45.0,372530.0,52.0,44816.0,8278.444444444445,9988.526441863083,1.0000000000000002e-06,0.009854,0.0009513863636363637,0.0019224833772034746,46.0,3219.0,40.0,569.0,69.97826086956522,77.48447561513625,5e-06,0.011585000000000002,0.0009683777777777777,0.002078482579025654,bbc.co.uk
85,443.0,40688.0,45.0,372531.0,52.0,37596.0,8278.466666666667,9261.019491787754,0.0,0.007796000000000001,0.0006015681818181818,0.0011921992263221482,47.0,3259.0,40.0,569.0,69.34042553191489,76.76227464393325,8.000000000000001e-06,0.006505,0.0006033043478260872,0.001025843974915077,bbc.co.uk
86,443.0,40706.0,46.0,372583.0,52.0,46260.0,8099.630434782609,9851.829678589762,0.0,0.0077080000000000004,0.0006204,0.0012152118670496032,48.0,3311.0,40.0,569.0,68.97916666666667,75.9824978680584,7.000000000000001e-06,0.0063620000000000005,0.0006233404255319149,0.001095665814581843,bbc.co.uk
87,443.0,40712.0,41.0,372345.0,52.0,47704.0,9081.585365853658,10995.829561646564,0.0,0.009076,0.000795325,0.0014894159823869706,43.0,3051.0,40.0,569.0,70.95348837209302,80.13944795476142,8.000000000000001e-06,0.007237,0.0008013333333333335,0.001308679574090723,bbc.co.uk
88,443.0,40722.0,44.0,372478.0,52.0,47704.0,8465.40909090909,10919.425637246553,1.0000000000000002e-06,0.007894,0.0006547674418604651,0.001252939112973767,45.0,3167.0,40.0,569.0,70.37777777777778,78.31210544089502,4.000000000000001e-06,0.006461000000000001,0.0006739318181818183,0.0011298911533855565,bbc.co.uk
89,443.0,40734.0,44.0,372479.0,52.0,46260.0,8465.431818181818,10451.367811668386,0.0,0.008211000000000001,0.0006705348837209302,0.0012868306091367643,46.0,3207.0,40.0,569.0,69.71739130434783,77.56650567050424,7.000000000000001e-06,0.006582,0.0006756444444444447,0.0011137851750502054,bbc.co.uk
90,443.0,45050.0,10.0,7318.0,52.0,6181.0,731.8,1920.7995904483805,3e-05,0.218181,0.09408466666666666,0.11109012653246912,17.0,1828.0,52.0,569.0,107.52941176470588,124.05952081917113,1e-05,0.20937,0.0659598125,0.0992501110288002,timesofindia.com
91,443.0,45070.0,10.0,7318.0,52.0,6181.0,731.8,1920.7995904483805,2.0000000000000003e-06,0.21557900000000002,0.09415233333333334,0.1109389937105074,17.0,1828.0,52.0,569.0,107.52941176470588,124.05952081917113,1.1000000000000001e-05,0.21035500000000001,0.0659835,0.09976369464489575,timesofindia.com
92,443.0,45086.0,12.0,7422.0,52.0,4733.0,618.5,1362.46024128813,1.0000000000000002e-06,0.217618,0.0777638181818182,0.10735925719640406,18.0,1880.0,52.0,569.0,104.44444444444444,121.0649909186954,1.1000000000000001e-05,0.21230500000000002,0.06269764705882352,0.09883752106104568,timesofindia.com
93,443.0,45110.0,9.0,7266.0,52.0,6181.0,807.3333333333334,2021.502040562908,1.0000000000000002e-06,0.21469700000000003,0.10549675000000001,0.11203762863909353,17.0,1828.0,52.0,569.0,107.52941176470588,124.05952081917113,1e-05,0.209594,0.06576125,0.09933698780044958,timesofindia.com
94,443.0,45130.0,11.0,7370.0,52.0,6181.0,670.0,1833.721789149052,1.0000000000000002e-06,0.21329800000000002,0.0837559,0.10747910813264544,17.0,1828.0,52.0,569.0,107.52941176470588,124.05952081917113,1e-05,0.207984,0.0652164375,0.09851207461015038,timesofindia.com
95,443.0,45146.0,11.0,7370.0,52.0,6181.0,670.0,1833.721789149052,1.0000000000000002e-06,0.220204,0.0864182,0.11120901390205144,18.0,1880.0,52.0,569.0,104.44444444444444,121.0649909186954,1e-05,0.214646,0.06339847058823529,0.09996245500318961,timesofindia.com
96,443.0,45156.0,10.0,7318.0,52.0,6181.0,731.8,1920.7995904483805,1.0000000000000002e-06,0.213283,0.09293177777777777,0.10952385943571585,17.0,1828.0,52.0,569.0,107.52941176470588,124.05952081917113,1.1000000000000001e-05,0.207411,0.06512231250000002,0.09836912718918726,timesofindia.com
97,443.0,45188.0,11.0,7370.0,52.0,5844.0,670.0,1723.9938514971566,1.0000000000000002e-06,0.21257600000000001,0.0834622,0.1072714062841435,18.0,1880.0,52.0,569.0,104.44444444444444,121.0649909186954,4.000000000000001e-06,0.20732,0.06119111764705882,0.09649620307224681,timesofindia.com
98,443.0,45206.0,10.0,7318.0,52.0,6181.0,731.8,1920.7995904483805,2.0000000000000003e-06,0.21605700000000003,0.09402222222222224,0.11097699867852999,17.0,1828.0,52.0,569.0,107.52941176470588,124.05952081917113,1e-05,0.21044800000000002,0.06589012500000001,0.0996200207280143,timesofindia.com
99,443.0,45214.0,10.0,7318.0,52.0,6181.0,731.8,1920.7995904483805,2.0000000000000003e-06,0.213872,0.09351233333333334,0.1100944762363217,17.0,1828.0,52.0,569.0,107.52941176470588,124.05952081917113,1.1000000000000001e-05,0.209742,0.06553525000000002,0.0990883846509435,timesofindia.com
100,443.0,57504.0,46.0,236769.0,52.0,16592.0,5147.152173913043,6088.4000487900175,0.0,0.015425000000000001,0.0019818222222222227,0.0035462958478395513,46.0,3208.0,40.0,569.0,69.73913043478261,77.57904493199423,3e-06,0.015438,0.002043688888888889,0.0035160254473573776,abc.net.au
101,443.0,57516.0,50.0,237019.0,52.0,16458.0,4740.38,5847.971184530755,1.0000000000000002e-06,0.008715,0.0014299387755102048,0.0026288117753730743,48.0,3312.0,40.0,569.0,69.0,75.99496063919759,3e-06,0.008719000000000001,0.0015148297872340428,0.00261869044038651,abc.net.au
102,443.0,57526.0,49.0,236857.0,52.0,16525.0,4833.816326530612,5511.744867679794,0.0,0.016722,0.0018882291666666672,0.0035935567649559956,50.0,3428.0,40.0,569.0,68.56,74.43012337290668,3e-06,0.016738,0.001874591836734694,0.003514014370573724,abc.net.au
103,443.0,57560.0,48.0,236893.0,52.0,16458.0,4935.270833333333,5814.222491477927,1.0000000000000002e-06,0.013417,0.001753382978723405,0.003394220801618357,49.0,3364.0,40.0,569.0,68.65306122448979,75.23838532192428,4.000000000000001e-06,0.013414,0.0017475208333333336,0.0032169015354714297,abc.net.au
104,443.0,57606.0,51.0,237072.0,52.0,27973.0,4648.470588235294,6185.585040569538,1.0000000000000002e-06,0.014418,0.0019392600000000002,0.0036333040442494196,51.0,3468.0,40.0,569.0,68.0,73.79051429553802,6e-06,0.01442,0.0019767599999999997,0.0034843888027858757,abc.net.au
105,443.0,57624.0,52.0,237124.0,52.0,16458.0,4560.076923076923,5331.877037129126,0.0,0.010337,0.0017623137254901963,0.003079404627457692,54.0,3636.0,40.0,569.0,67.33333333333333,71.70010920756934,2.0000000000000003e-06,0.01034,0.0017266226415094347,0.003022616665855642,abc.net.au
106,443.0,57658.0,56.0,237332.0,52.0,16458.0,4238.071428571428,5241.435101389497,1.0000000000000002e-06,0.047906000000000004,0.002585163636363638,0.007007119624759539,56.0,3728.0,40.0,569.0,66.57142857142857,70.50695830080298,4.000000000000001e-06,0.046139,0.002620254545454544,0.006768267052722559,abc.net.au
107,443.0,57706.0,49.0,236968.0,52.0,16592.0,4836.081632653061,5676.2809891862535,1.0000000000000002e-06,0.014861000000000001,0.0019220208333333337,0.0036062135413671382,47.0,3260.0,40.0,569.0,69.36170212765957,76.77477663578418,5e-06,0.014874,0.002033,0.003547676648174127,abc.net.au
108,443.0,57760.0,50.0,237018.0,52.0,16458.0,4740.36,5512.423270825154,1.0000000000000002e-06,0.020603,0.0022480408163265304,0.004167670497208161,51.0,3480.0,40.0,569.0,68.23529411764706,73.71854264302677,4.000000000000001e-06,0.020620000000000003,0.0022294199999999993,0.0040766476578338795,abc.net.au
109,443.0,57802.0,51.0,237073.0,52.0,16525.0,4648.490196078431,5720.842781872437,0.0,0.012469000000000001,0.0019272800000000006,0.003264417953182654,54.0,3636.0,40.0,569.0,67.33333333333333,71.70010920756934,3e-06,0.012473000000000001,0.001843301886792453,0.003202971868706802,abc.net.au
110,443.0,59712.0,12.0,6166.0,40.0,4136.0,513.8333333333334,1155.6150533439547,1.0000000000000002e-06,0.007553000000000001,0.0011835454545454545,0.002184099327578138,18.0,1584.0,40.0,557.0,88.0,119.73991422589015,7.000000000000001e-06,0.006507000000000001,0.0008383529411764706,0.0015719519291781984,nypost.com
111,443.0,59728.0,14.0,6268.0,40.0,4136.0,447.7142857142857,1076.1989684905943,1.0000000000000002e-06,0.014364,0.0017155384615384617,0.003903099102324217,19.0,1624.0,40.0,557.0,85.47368421052632,116.8861594415945,7.000000000000001e-06,0.012822,0.0012553333333333331,0.0029643311119334267,nypost.com
112,443.0,59762.0,13.0,6228.0,40.0,4136.0,479.0769230769231,1113.4644479834444,2.0000000000000003e-06,0.012664000000000002,0.0016180833333333331,0.003559815277596025,19.0,1624.0,40.0,557.0,85.47368421052632,116.8861594415945,1.1000000000000001e-05,0.011335000000000001,0.0011012222222222224,0.002618822581317471,nypost.com
113,443.0,59788.0,13.0,6206.0,40.0,4136.0,477.38461538461536,1114.1945924045717,1.0000000000000002e-06,0.012415,0.0016555833333333333,0.003475405155147273,18.0,1584.0,40.0,557.0,88.0,119.73991422589015,2.3e-05,0.011109,0.0011777647058823528,0.002628869089775387,nypost.com
114,443.0,59840.0,13.0,6228.0,40.0,4136.0,479.0769230769231,1113.4644479834444,1.0000000000000002e-06,0.012432,0.0016775833333333332,0.003485250309475199,19.0,1624.0,40.0,557.0,85.47368421052632,116.8861594415945,1.5e-05,0.010931000000000001,0.001133777777777778,0.002532029680049899,nypost.com
115,443.0,59856.0,11.0,6126.0,40.0,4136.0,556.9090909090909,1201.872660022305,1.0000000000000002e-06,0.008098000000000001,0.0015,0.0024412376187317596,18.0,1584.0,40.0,557.0,88.0,119.73991422589015,3e-06,0.006431,0.0009550588235294116,0.0015745833762692686,nypost.com
116,443.0,59880.0,12.0,6188.0,40.0,4136.0,515.6666666666666,1154.7838312730646,1.0000000000000002e-06,0.012347,0.0017467272727272733,0.0035915091839200156,18.0,1584.0,40.0,557.0,88.0,119.73991422589015,4.000000000000001e-06,0.011048,0.0011331176470588235,0.0026179175617834336,nypost.com
117,443.0,59894.0,12.0,6166.0,40.0,2676.0,513.8333333333334,797.3129684740927,0.0,0.009717,0.001516363636363636,0.002837147027304975,19.0,1624.0,40.0,557.0,85.47368421052632,116.8861594415945,4.000000000000001e-06,0.008096,0.0009760000000000002,0.001900740970067757,nypost.com
118,443.0,59906.0,12.0,6166.0,40.0,4136.0,513.8333333333334,1155.6150533439547,1.0000000000000002e-06,0.007478,0.0012156363636363634,0.002154794063140479,18.0,1584.0,40.0,557.0,88.0,119.73991422589015,1e-05,0.0064800000000000005,0.0008022941176470587,0.0015497011310534158,nypost.com
119,443.0,59926.0,12.0,6166.0,40.0,4136.0,513.8333333333334,1155.6150533439547,1.0000000000000002e-06,0.008171000000000001,0.0014662727272727273,0.00244959768496417,18.0,1584.0,40.0,557.0,88.0,119.73991422589015,1e-05,0.006306,0.0010055882352941177,0.0015843927487693642,nypost.com
120,443.0,50148.0,16.0,6072.0,52.0,2940.0,379.5,789.8333157487513,1.0000000000000002e-06,0.021812,0.0018266666666666668,0.005565897125309074,16.0,1687.0,52.0,569.0,105.4375,126.37719665087263,6e-06,0.02036,0.002199933333333334,0.005204664274429601,theguardian.com
121,443.0,50166.0,15.0,5999.0,52.0,4393.0,399.93333333333334,1122.8759928140307,0.0,0.008564,0.0009969285714285711,0.0022479358211577025,17.0,1703.0,40.0,569.0,100.17647058823529,124.05454208437797,1.2e-05,0.00732,0.0009513749999999999,0.0018018946648828654,theguardian.com
122,443.0,50206.0,15.0,5998.0,52.0,4393.0,399.8666666666667,1122.8480921724176,0.0,0.007626000000000001,0.0009645000000000001,0.002011321025900831,17.0,1703.0,40.0,569.0,100.17647058823529,124.05454208437797,6e-06,0.00628,0.00092625,0.0016001987584880405,theguardian.com
123,443.0,50238.0,15.0,5999.0,52.0,4393.0,399.93333333333334,1122.8759928140307,0.0,0.008297,0.0011584285714285713,0.002226038347664911,17.0,1703.0,40.0,569.0,100.17647058823529,124.05454208437797,9e-06,0.006411,0.0011330625000000002,0.0017800826373607864,theguardian.com
124,443.0,50276.0,16.0,6072.0,52.0,4393.0,379.5,1087.8136482566,1.0000000000000002e-06,0.012344,0.0012721999999999998,0.003135115974159262,18.0,1755.0,40.0,569.0,97.5,120.88509371445654,1.5e-05,0.010997,0.0011995882352941177,0.0026194406143970777,theguardian.com
125,443.0,50310.0,15.0,5998.0,52.0,4393.0,399.8666666666667,1122.8480921724176,0.0,0.010628,0.001991642857142857,0.0031538326038974543,16.0,1663.0,40.0,569.0,103.9375,127.11803897690261,7.000000000000001e-06,0.011903,0.0019457333333333339,0.0032473642381534744,theguardian.com
126,443.0,50330.0,15.0,5998.0,52.0,4393.0,399.8666666666667,1122.8480921724176,1.0000000000000002e-06,0.008359,0.0011167142857142856,0.002199129807921286,17.0,1703.0,40.0,569.0,100.17647058823529,124.05454208437797,9e-06,0.006561,0.0010922500000000001,0.0017077016327996723,theguardian.com
127,443.0,50334.0,16.0,6073.0,52.0,4393.0,379.5625,1087.8417757958493,0.0,0.007986,0.0013591333333333336,0.0026014228487685814,18.0,1755.0,40.0,569.0,97.5,120.88509371445654,7.000000000000001e-06,0.008739,0.0012944117647058827,0.0024496436490544786,theguardian.com
128,443.0,50362.0,15.0,6000.0,52.0,4393.0,400.0,1122.9039521322763,0.0,0.007984,0.0011606428571428568,0.0020897234490253954,16.0,1663.0,40.0,569.0,103.9375,127.11803897690261,8.000000000000001e-06,0.007317000000000001,0.0015703333333333337,0.002400143557214463,theguardian.com
129,443.0,50376.0,16.0,6073.0,52.0,4393.0,379.5625,1087.8417757958493,0.0,0.007658000000000001,0.0009485333333333332,0.0019688455960161994,18.0,1755.0,40.0,569.0,97.5,120.88509371445654,7.000000000000001e-06,0.0064600000000000005,0.0009237647058823531,0.0016156105474948075,theguardian.com
130,443.0,36528.0,11.0,5493.0,52.0,4378.0,499.3636363636364,1289.825125567592,2.7000000000000002e-05,0.031378,0.0038717,0.00973135911542336,17.0,1778.0,52.0,569.0,104.58823529411765,122.41428573880248,1.6000000000000003e-05,0.031162000000000002,0.0024446875000000007,0.0077020476820020625,news.google.com
131,443.0,36706.0,11.0,5492.0,52.0,4377.0,499.27272727272725,1289.5244155043433,6.3e-05,0.0206,0.0030683999999999998,0.006359684744108347,17.0,1778.0,52.0,569.0,104.58823529411765,122.41428573880248,2.2000000000000003e-05,0.020378,0.0019706875000000007,0.0050568058260625345,news.google.com
132,443.0,42120.0,10.0,5463.0,52.0,4378.0,546.3,1349.5460183171062,4.1e-05,0.0068330000000000005,0.0013203333333333335,0.0021543189178949347,17.0,1739.0,52.0,569.0,102.29411764705883,123.04865130603949,1e-05,0.006534000000000001,0.0009037500000000001,0.0016488863110192486,news.google.com
133,443.0,42144.0,13.0,5618.0,52.0,4377.0,432.15384615384613,1188.3961072354234,1.0000000000000002e-06,0.011416,0.0014385000000000003,0.003193288743599614,18.0,1830.0,52.0,569.0,101.66666666666667,119.40440429358493,1.1000000000000001e-05,0.011059000000000001,0.0010456470588235294,0.002633827560347689,news.google.com
134,443.0,59086.0,11.0,5511.0,52.0,4378.0,501.0,1289.0073700332362,2.0000000000000003e-06,0.008926,0.0021187999999999997,0.0031748537254144135,18.0,1830.0,52.0,569.0,101.66666666666667,119.40440429358493,7.000000000000001e-06,0.008929000000000001,0.001291529411764706,0.0025313783823652054,news.google.com
135,443.0,59368.0,12.0,5566.0,52.0,4377.0,463.8333333333333,1235.492675621815,3.8e-05,0.027950000000000003,0.003052181818181818,0.008281088211318387,18.0,1830.0,52.0,569.0,101.66666666666667,119.40440429358493,1.5e-05,0.027658000000000002,0.0020097058823529417,0.006631235676371957,news.google.com
136,443.0,60572.0,10.0,5463.0,52.0,4379.0,546.3,1349.8837028096573,2.0000000000000003e-06,0.031531,0.004531222222222223,0.010353679017356317,17.0,1739.0,52.0,569.0,102.29411764705883,123.04865130603949,1.1000000000000001e-05,0.031255000000000005,0.0026813750000000006,0.007784890544081745,news.google.com
137,443.0,60658.0,12.0,5568.0,52.0,4379.0,464.0,1236.0685476726017,2.8000000000000003e-05,0.018725000000000002,0.0023842727272727275,0.005494240640723868,18.0,1830.0,52.0,569.0,101.66666666666667,119.40440429358493,1.6000000000000003e-05,0.018471,0.0016151764705882351,0.004405903727319943,news.google.com
138,443.0,42138.0,9.0,5410.0,52.0,4377.0,601.1111111111111,1419.1739185565352,1.0000000000000002e-06,0.0065520000000000005,0.0012142500000000003,0.002205014982132451,17.0,1739.0,52.0,569.0,102.29411764705883,123.04865130603949,5e-06,0.006326,0.0006958750000000001,0.0015534416789825102,news.google.com
139,443.0,42228.0,10.0,5463.0,52.0,4378.0,546.3,1349.5460183171062,0.0,0.006514000000000001,0.0010792222222222223,0.0020713722370555333,17.0,1739.0,52.0,569.0,102.29411764705883,123.04865130603949,6e-06,0.006283,0.0006866875000000002,0.0015330402351210492,news.google.com
140,443.0,39746.0,14.0,11730.0,52.0,4148.0,837.8571428571429,1121.8496304793227,0.0,0.024282,0.004944384615384615,0.008846126031004209,22.0,1949.0,40.0,569.0,88.5909090909091,110.0201968864977,3e-06,0.018426,0.003937047619047618,0.007035667931875342,finance.yahoo.com
141,443.0,39764.0,15.0,11782.0,52.0,4148.0,785.4666666666667,1099.9190143348,0.0,0.024437,0.004640928571428573,0.008736902658919155,22.0,1949.0,40.0,569.0,88.5909090909091,110.0201968864977,3e-06,0.018377,0.003945380952380952,0.007008428793076166,finance.yahoo.com
142,443.0,39776.0,14.0,11730.0,52.0,4148.0,837.8571428571429,1121.8496304793227,0.0,0.028960000000000003,0.0054030000000000016,0.00988391398519163,22.0,1949.0,40.0,569.0,88.5909090909091,110.0201968864977,3e-06,0.018107,0.0041666666666666675,0.006940845023002123,finance.yahoo.com
143,443.0,39798.0,14.0,11730.0,52.0,4148.0,837.8571428571429,1121.8496304793227,0.0,0.027960000000000002,0.00521523076923077,0.009540318130211436,22.0,1949.0,40.0,569.0,88.5909090909091,110.0201968864977,4.000000000000001e-06,0.018259,0.004071714285714285,0.007087010026399407,finance.yahoo.com
144,443.0,39810.0,14.0,11730.0,52.0,4148.0,837.8571428571429,1121.8496304793227,1.0000000000000002e-06,0.0233,0.004693076923076924,0.008439486343586898,22.0,1949.0,40.0,569.0,88.5909090909091,110.0201968864977,3e-06,0.01733,0.0037077619047619047,0.00663532883815687,finance.yahoo.com
145,443.0,39828.0,14.0,11730.0,52.0,4148.0,837.8571428571429,1121.8496304793227,0.0,0.023206,0.004688384615384617,0.008227394114972062,22.0,1949.0,40.0,569.0,88.5909090909091,110.0201968864977,3e-06,0.017015000000000002,0.003670333333333333,0.006374996457515355,finance.yahoo.com
146,443.0,39850.0,14.0,11730.0,52.0,4148.0,837.8571428571429,1121.8496304793227,1.0000000000000002e-06,0.025592,0.005310307692307693,0.00937773051244823,22.0,1949.0,40.0,569.0,88.5909090909091,110.0201968864977,3e-06,0.019186,0.004170523809523809,0.00729278087987736,finance.yahoo.com
147,443.0,39860.0,14.0,11730.0,52.0,4148.0,837.8571428571429,1121.8496304793227,0.0,0.021573000000000002,0.004308230769230771,0.007734922507194736,22.0,1949.0,40.0,569.0,88.5909090909091,110.0201968864977,2.0000000000000003e-06,0.015631000000000003,0.0033977142857142856,0.00601026081915633,finance.yahoo.com
148,443.0,39878.0,14.0,11730.0,52.0,4148.0,837.8571428571429,1121.8496304793227,0.0,0.024145,0.0048319999999999995,0.008759165704182866,22.0,1949.0,40.0,569.0,88.5909090909091,110.0201968864977,4.000000000000001e-06,0.018157,0.003854238095238095,0.0069370992057542465,finance.yahoo.com
149,443.0,39904.0,14.0,11730.0,52.0,4148.0,837.8571428571429,1121.8496304793227,0.0,0.023617000000000003,0.004750923076923077,0.008577060408064628,22.0,1949.0,40.0,569.0,88.5909090909091,110.0201968864977,3e-06,0.017522,0.0037509523809523817,0.006727310171801138,finance.yahoo.com
150,443.0,50246.0,119.0,2094609.0,52.0,56368.0,17601.756302521007,17113.40883038912,1.0000000000000002e-06,0.019311000000000002,0.0006496355932203389,0.0018905436909178548,108.0,6499.0,40.0,569.0,60.175925925925924,51.51405374050393,6e-06,0.018035000000000002,0.0007379065420560751,0.001921419844177297,nytimes.com
151,443.0,50288.0,100.0,2097446.0,52.0,56368.0,20974.46,21357.99157480626,0.0,0.008091000000000001,0.0003860909090909092,0.0011776674376461384,88.0,5459.0,40.0,569.0,62.03409090909091,56.96388225816997,4.000000000000001e-06,0.008805,0.00045498850574712655,0.001275746808136707,nytimes.com
152,443.0,50336.0,118.0,2093956.0,52.0,56368.0,17745.389830508473,16510.08751991065,1.0000000000000002e-06,0.026773,0.0010191452991452988,0.003165605659936719,115.0,6863.0,40.0,569.0,59.678260869565214,49.946031896558786,4.000000000000001e-06,0.028776000000000003,0.0010622982456140364,0.003263589009050756,nytimes.com
153,443.0,50390.0,101.0,2094396.0,52.0,56368.0,20736.59405940594,21499.17865090582,0.0,0.008212,0.00038092000000000003,0.001094065485455349,85.0,5303.0,40.0,569.0,62.38823529411765,57.94005402089298,4.000000000000001e-06,0.008256000000000001,0.0004709880952380954,0.0012237918900769099,nytimes.com
154,443.0,50426.0,101.0,2094428.0,52.0,56368.0,20736.91089108911,21221.19036156973,0.0,0.008740000000000001,0.0003980100000000003,0.0012201044954006895,92.0,5667.0,40.0,569.0,61.59782608695652,55.73584870069715,3e-06,0.008874,0.00045123076923076904,0.001323839467247723,nytimes.com
155,443.0,50446.0,97.0,2093958.0,52.0,56368.0,21587.19587628866,20125.60607039738,0.0,0.008254000000000001,0.0004580729166666668,0.0012764930597027537,80.0,5043.0,40.0,569.0,63.0375,59.68470824871463,4.000000000000001e-06,0.00974,0.0005793670886075951,0.0014845895157197513,nytimes.com
156,443.0,50472.0,115.0,2094227.0,52.0,56368.0,18210.66956521739,17263.457972058004,1.0000000000000002e-06,0.016621,0.0006508684210526319,0.0017321950446757594,101.0,6135.0,40.0,569.0,60.742574257425744,53.23958179124747,1e-05,0.015411000000000001,0.0007551800000000003,0.0017932724073237412,nytimes.com
157,443.0,50506.0,104.0,2094123.0,52.0,56368.0,20135.798076923078,19645.68152619639,1.0000000000000002e-06,0.019938,0.000555116504854369,0.002065260973401263,98.0,5979.0,40.0,569.0,61.01020408163265,54.03406617287296,5e-06,0.018113,0.0006067216494845362,0.0020191827489846608,nytimes.com
158,443.0,50558.0,109.0,2094236.0,52.0,56368.0,19213.174311926607,18080.044256359735,1.0000000000000002e-06,0.012595,0.0006426203703703707,0.0013633429208951798,101.0,6135.0,40.0,569.0,60.742574257425744,53.23958179124747,1.3000000000000001e-05,0.010941000000000001,0.0007102200000000003,0.0013253265927211067,nytimes.com
159,443.0,50610.0,124.0,2094801.0,52.0,56368.0,16893.5564516129,17408.76884422285,1.0000000000000002e-06,0.0307,0.0008719024390243902,0.0028474174246857172,113.0,6759.0,40.0,569.0,59.8141592920354,50.37937302404474,7.000000000000001e-06,0.028809,0.0009757053571428573,0.002824129548231855,nytimes.com
160,443.0,37354.0,145.0,1056333.0,52.0,23220.0,7285.055172413793,5774.95616358941,0.0,8.007290000000001,0.05593808333333331,0.6672470924127165,121.0,7113.0,40.0,569.0,58.78512396694215,48.33756417314441,4.000000000000001e-06,8.008827,0.0671436,0.7310661007832168,washingtonpost.com
161,443.0,37374.0,150.0,1056314.0,52.0,23220.0,7042.093333333333,5500.649248252815,0.0,8.031257,0.05478568456375839,0.6579236041558679,142.0,8253.0,40.0,569.0,58.11971830985915,44.6587506049356,4.000000000000001e-06,8.03212,0.05790064539007098,0.6763988838528231,washingtonpost.com
162,443.0,37396.0,183.0,1058704.0,52.0,19832.0,5785.267759562841,5398.030546371446,1.0000000000000002e-06,9.029404000000001,0.050637549450549435,0.6692586163169686,155.0,8893.0,40.0,569.0,57.3741935483871,42.74146810693702,4.000000000000001e-06,9.030694,0.05985281168831169,0.7276494594914003,washingtonpost.com
163,443.0,37424.0,173.0,1056264.0,52.0,28998.0,6105.57225433526,5519.102452911825,0.0,10.011158,0.060767726744185936,0.7633677864881242,122.0,7177.0,40.0,569.0,58.82786885245902,48.164438138587485,3e-06,10.012302,0.0863897272727273,0.910136946059667,washingtonpost.com
164,443.0,37448.0,157.0,1056910.0,52.0,36252.0,6731.910828025478,5920.911046469329,0.0,9.007092,0.060104423076923034,0.7211714962866571,140.0,8089.0,40.0,569.0,57.77857142857143,44.99577403932191,3e-06,9.008514,0.06746533812949633,0.7640957253187014,washingtonpost.com
165,443.0,37464.0,199.0,1059553.0,52.0,18384.0,5324.386934673367,4020.941470491878,0.0,8.000397000000001,0.04234649494949491,0.5686568963248803,171.0,9701.0,40.0,569.0,56.73099415204678,40.76890580786468,5e-06,8.001731000000001,0.049329988235294185,0.6137804206634669,washingtonpost.com
166,443.0,37482.0,217.0,1064796.0,52.0,16458.0,4906.894009216589,4879.953942824084,1.0000000000000002e-06,9.524510000000001,0.05229251851851849,0.6476664437829306,183.0,10373.0,40.0,569.0,56.68306010928962,39.36889617691457,3e-06,9.525858000000001,0.06206939010989005,0.7055723049928506,washingtonpost.com
167,443.0,37514.0,169.0,1066877.0,52.0,26116.0,6312.881656804734,4907.936580071789,0.0,8.117238,0.049273119047618975,0.6262330719895132,136.0,8013.0,40.0,569.0,58.919117647058826,46.35452035922939,3e-06,8.118655,0.06132889629629628,0.6986934909212161,washingtonpost.com
168,443.0,37546.0,172.0,1057270.0,52.0,23220.0,6146.918604651163,5237.775491427558,1.0000000000000002e-06,8.078503000000001,0.048742625730994,0.6177353984479589,158.0,9049.0,40.0,569.0,57.27215189873418,42.33753491708934,3e-06,8.079921,0.05309886624203825,0.6447918606747138,washingtonpost.com
169,443.0,37554.0,129.0,1054769.0,52.0,33356.0,8176.503875968992,7210.658227933355,0.0,8.013526,0.06446285937499996,0.7082351174675536,117.0,6905.0,40.0,569.0,59.01709401709402,49.147207256746945,5e-06,8.015267,0.07114852586206889,0.7441098271758996,washingtonpost.com
170,443.0,47200.0,39.0,316807.0,52.0,22900.0,8123.25641025641,7484.878744993833,1.0000000000000002e-06,0.020267,0.0022021578947368434,0.004165401447356388,40.0,2918.0,52.0,569.0,72.95,82.47266835528622,9e-06,0.027585000000000002,0.0023180256410256406,0.004765892938298682,express.co.uk
171,443.0,47220.0,40.0,316829.0,52.0,24328.0,7920.725,7664.261808959951,0.0,0.013979,0.0014672820512820514,0.002681529256822622,41.0,2970.0,52.0,569.0,72.4390243902439,81.50093520337295,9e-06,0.007879,0.001598825,0.0022373093373858357,express.co.uk
172,443.0,45722.0,31.0,316392.0,52.0,31468.0,10206.193548387097,12171.003219180016,1.0000000000000002e-06,0.0079,0.0009774,0.0018782779090028923,32.0,2502.0,52.0,569.0,78.1875,91.73574865146718,9e-06,0.008347,0.0010025161290322581,0.0018470101943585794,express.co.uk
173,443.0,45832.0,32.0,316590.0,52.0,31468.0,9893.4375,11750.653864957143,1.0000000000000002e-06,0.019851,0.0011373870967741938,0.0035281985835779266,33.0,2554.0,52.0,569.0,77.39393939393939,90.40600761078443,1.3000000000000001e-05,0.018345,0.00110565625,0.0031929645402734353,express.co.uk
174,443.0,43936.0,30.0,316432.0,52.0,31468.0,10547.733333333334,11529.79199481405,0.0,0.008456,0.0008965517241379311,0.0016551710007947577,32.0,2502.0,52.0,569.0,78.1875,91.73574865146718,1e-05,0.006438,0.000885,0.001305982388855225,express.co.uk
175,443.0,43964.0,30.0,316340.0,52.0,31468.0,10544.666666666666,11980.841126229578,0.0,0.008104,0.0008644482758620687,0.0015644300784769351,31.0,2450.0,52.0,569.0,79.03225806451613,93.12553673079071,9e-06,0.006406,0.0008672000000000002,0.0013243571088358825,express.co.uk
176,443.0,43980.0,32.0,316422.0,52.0,31468.0,9888.1875,12496.083015805521,1.0000000000000002e-06,0.008565,0.0008756451612903226,0.0016069549993364693,33.0,2554.0,52.0,569.0,77.39393939393939,90.40600761078443,9e-06,0.0064800000000000005,0.0008856562499999999,0.0013351324836853966,express.co.uk
177,443.0,44048.0,29.0,316288.0,52.0,31468.0,10906.48275862069,12885.570921496119,0.0,0.008079000000000001,0.0011154642857142858,0.0018624950903667404,30.0,2398.0,52.0,569.0,79.93333333333334,94.57999107973986,9e-06,0.00706,0.0011047586206896552,0.0018089129461635318,express.co.uk
178,443.0,44074.0,29.0,316288.0,52.0,31468.0,10906.48275862069,13144.758389402354,1.0000000000000002e-06,0.014350000000000002,0.0011525714285714288,0.0027361721901167434,32.0,2502.0,52.0,569.0,78.1875,91.73574865146718,2.4e-05,0.012912000000000002,0.001093548387096774,0.0023546027101361807,express.co.uk
179,443.0,41806.0,33.0,316519.0,52.0,31468.0,9591.484848484848,12021.815672770721,2.0000000000000003e-06,0.008485000000000001,0.0008535937500000001,0.001611132978620445,34.0,2606.0,52.0,569.0,76.6470588235294,89.13213968272429,1.2e-05,0.006681,0.0008531515151515153,0.0013870289092429754,express.co.uk
180,443.0,53244.0,26.0,288138.0,52.0,56524.0,11082.23076923077,13817.80967681258,2.0000000000000003e-06,0.13795300000000002,0.034535800000000005,0.056089695590336976,34.0,2617.0,52.0,569.0,76.97058823529412,89.32626112692849,1.2e-05,0.131249,0.029697393939393944,0.05160503506741094,rt.com
181,443.0,53392.0,21.0,287879.0,52.0,56524.0,13708.52380952381,17179.985470363612,1.0000000000000002e-06,0.122198,0.0409605,0.056925183096578166,29.0,2357.0,52.0,569.0,81.27586206896552,96.29897512869715,1e-05,0.11710000000000001,0.03338410714285714,0.05300494629144026,rt.com
182,443.0,53410.0,21.0,287878.0,52.0,56524.0,13708.47619047619,17856.985091607843,1.0000000000000002e-06,0.12511,0.04160220000000001,0.057964905505604715,29.0,2357.0,52.0,569.0,81.27586206896552,96.29897512869715,7.000000000000001e-06,0.12415100000000001,0.03388050000000001,0.05378526003951751,rt.com
183,443.0,42648.0,120.0,293091.0,52.0,2828.0,2442.425,910.7212458293922,1.0000000000000002e-06,0.140069,0.007238915966386552,0.020289640475375535,119.0,6985.0,40.0,569.0,58.69747899159664,48.47707034797867,1.1000000000000001e-05,0.113818,0.008264618644067799,0.02142402379864995,rt.com
184,443.0,42714.0,120.0,293113.0,52.0,2828.0,2442.608333333333,916.6833007530727,1.0000000000000002e-06,0.12509800000000001,0.007125268907563025,0.019666819647029137,122.0,7141.0,40.0,569.0,58.532786885245905,47.88367178458674,5e-06,0.11418900000000001,0.007938363636363636,0.02119307223166728,rt.com
185,443.0,42766.0,118.0,292987.0,52.0,2828.0,2482.9406779661017,888.1251191245813,0.0,0.119565,0.0070960427350427405,0.020386796896010726,121.0,7101.0,40.0,569.0,58.68595041322314,48.05275452698666,9e-06,0.11410200000000001,0.007857341666666667,0.02203941349838673,rt.com
186,443.0,42810.0,20.0,13627.0,52.0,2828.0,681.35,1111.8525685586765,1.0000000000000002e-06,0.124865,0.01975331578947368,0.04088179040715728,22.0,1941.0,40.0,569.0,88.22727272727273,109.9280855044969,1.7e-05,0.11478400000000001,0.023269,0.04470142154898433,rt.com
187,443.0,42826.0,20.0,13651.0,52.0,2828.0,682.55,1111.4199772315924,0.0,0.11930900000000001,0.018993842105263156,0.04126315763791548,22.0,1941.0,40.0,569.0,88.22727272727273,109.9280855044969,6e-06,0.11443500000000001,0.02255038095238095,0.04498632737007567,rt.com
188,443.0,42868.0,119.0,293017.0,52.0,2828.0,2462.327731092437,894.4446729887925,0.0,0.11936600000000001,0.007132440677966103,0.0192860246002401,121.0,7101.0,40.0,569.0,58.68595041322314,48.05275452698666,1e-05,0.11414200000000001,0.007955483333333334,0.021143593669086084,rt.com
189,443.0,42876.0,21.0,13701.0,52.0,2828.0,652.4285714285714,1091.6426416840159,0.0,0.11954600000000001,0.019251900000000002,0.03805392612831097,23.0,1993.0,40.0,569.0,86.65217391304348,107.66598546838027,9e-06,0.11388500000000001,0.022632272727272727,0.043795226566571345,rt.com
190,443.0,36900.0,68.0,683741.0,52.0,56524.0,10055.014705882353,11348.02467983344,1.0000000000000002e-06,0.010661,0.0007423880597014925,0.0017019664469436334,66.0,4338.0,40.0,569.0,65.72727272727273,66.37644286817539,5e-06,0.011389000000000002,0.0008090000000000007,0.001908755083490284,indiatimes.com
191,443.0,36920.0,91.0,685120.0,52.0,31926.0,7528.791208791209,7953.1099361144215,0.0,0.007797,0.0005231333333333334,0.0014189504286976078,69.0,4494.0,40.0,569.0,65.1304347826087,64.95697966470684,4.000000000000001e-06,0.014976000000000001,0.0007073235294117645,0.0020212177535335715,indiatimes.com
192,443.0,36938.0,54.0,682515.0,52.0,56524.0,12639.166666666666,15009.567471738794,0.0,0.0079,0.0008911132075471702,0.0016735628813124472,51.0,3570.0,40.0,569.0,70.0,75.1196379118004,7.000000000000001e-06,0.0137,0.0009746399999999997,0.002117892230593465,indiatimes.com
193,443.0,36952.0,90.0,685048.0,52.0,51596.0,7611.644444444444,8983.52502610371,0.0,0.010366,0.0009094494382022476,0.001975561519780435,67.0,4390.0,40.0,569.0,65.5223880597015,65.89301664589041,6e-06,0.019694,0.0012490909090909085,0.002803301969119619,indiatimes.com
194,443.0,36964.0,65.0,683297.0,52.0,56524.0,10512.261538461538,13568.924734338894,0.0,0.007811,0.0006594375000000001,0.0013133817597429152,57.0,3870.0,40.0,569.0,67.89473684210526,71.26602181026827,5e-06,0.009965,0.0007779821428571428,0.0016067590246554358,indiatimes.com
195,443.0,36980.0,61.0,682595.0,52.0,37700.0,11190.081967213115,11413.306427579877,0.0,0.008363,0.0007421666666666669,0.0014736035523092808,56.0,3818.0,40.0,569.0,68.17857142857143,71.87845982638333,4.000000000000001e-06,0.009927,0.000842127272727273,0.0016768570364043324,indiatimes.com
196,443.0,36986.0,62.0,682705.0,52.0,56524.0,11011.370967741936,14232.646314808151,0.0,0.008246,0.0006288852459016393,0.0013129620469046403,61.0,4078.0,40.0,569.0,66.85245901639344,68.96371897975867,3e-06,0.008177,0.0006777000000000002,0.0014078501858375103,indiatimes.com
197,443.0,36998.0,58.0,682680.0,52.0,56524.0,11770.344827586207,15240.457844750086,1.0000000000000002e-06,0.008214,0.0008724385964912283,0.00170198451413074,55.0,3778.0,40.0,569.0,68.69090909090909,72.4376801700435,5e-06,0.011417,0.0009537592592592593,0.0019256030658901327,indiatimes.com
198,443.0,37012.0,90.0,685776.0,52.0,31908.0,7619.733333333334,7976.648953967542,0.0,0.011210000000000001,0.0008705617977528092,0.0017832982654407549,67.0,4402.0,40.0,569.0,65.70149253731343,65.83887930426533,4.000000000000001e-06,0.012844000000000001,0.0011991212121212121,0.002350653267728268,indiatimes.com
199,443.0,37020.0,65.0,683274.0,52.0,56524.0,10511.907692307692,12273.398053212326,0.0,0.007484,0.0005649218750000001,0.001287084712554565,61.0,4078.0,40.0,569.0,66.85245901639344,68.96371897975867,4.000000000000001e-06,0.010114000000000001,0.00062375,0.0015495310457891468,indiatimes.com
