frame.number,frame.time,ip.len,ip.proto,ip.src,ip.dst,tcp.srcport,tcp.dstport,tcp.len
1,Mar 28, 2022 09:10:47.185984558 UTC,60,6,172.28.0.2,74.6.136.150,39746,443,0
2,Mar 28, 2022 09:10:47.204373766 UTC,60,6,74.6.136.150,172.28.0.2,443,39746,0
3,Mar 28, 2022 09:10:47.204410929 UTC,52,6,172.28.0.2,74.6.136.150,39746,443,0
4,Mar 28, 2022 09:10:47.210994598 UTC,569,6,172.28.0.2,74.6.136.150,39746,443,517
5,Mar 28, 2022 09:10:47.228655231 UTC,52,6,74.6.136.150,172.28.0.2,443,39746,0
6,Mar 28, 2022 09:10:47.229188582 UTC,4148,6,74.6.136.150,172.28.0.2,443,39746,4096
7,Mar 28, 2022 09:10:47.229207455 UTC,52,6,172.28.0.2,74.6.136.150,39746,443,0
8,Mar 28, 2022 09:10:47.230225686 UTC,1440,6,74.6.136.150,172.28.0.2,443,39746,1388
9,Mar 28, 2022 09:10:47.230235756 UTC,52,6,172.28.0.2,74.6.136.150,39746,443,0
10,Mar 28, 2022 09:10:47.230952373 UTC,116,6,172.28.0.2,74.6.136.150,39746,443,64
11,Mar 28, 2022 09:10:47.231095997 UTC,98,6,172.28.0.2,74.6.136.150,39746,443,46
12,Mar 28, 2022 09:10:47.231111775 UTC,101,6,172.28.0.2,74.6.136.150,39746,443,49
13,Mar 28, 2022 09:10:47.231121463 UTC,87,6,172.28.0.2,74.6.136.150,39746,443,35
14,Mar 28, 2022 09:10:47.231148550 UTC,119,6,172.28.0.2,74.6.136.150,39746,443,67
15,Mar 28, 2022 09:10:47.248869046 UTC,339,6,74.6.136.150,172.28.0.2,443,39746,287
16,Mar 28, 2022 09:10:47.248898671 UTC,52,6,172.28.0.2,74.6.136.150,39746,443,0
17,Mar 28, 2022 09:10:47.248870377 UTC,339,6,74.6.136.150,172.28.0.2,443,39746,287
18,Mar 28, 2022 09:10:47.248908285 UTC,52,6,172.28.0.2,74.6.136.150,39746,443,0
19,Mar 28, 2022 09:10:47.249904805 UTC,1374,6,74.6.136.150,172.28.0.2,443,39746,1322
20,Mar 28, 2022 09:10:47.249915941 UTC,52,6,172.28.0.2,74.6.136.150,39746,443,0
21,Mar 28, 2022 09:10:47.249905722 UTC,1374,6,74.6.136.150,172.28.0.2,443,39746,1322
22,Mar 28, 2022 09:10:47.249923614 UTC,52,6,172.28.0.2,74.6.136.150,39746,443,0
23,Mar 28, 2022 09:10:47.249906349 UTC,1374,6,74.6.136.150,172.28.0.2,443,39746,1322
24,Mar 28, 2022 09:10:47.249926754 UTC,52,6,172.28.0.2,74.6.136.150,39746,443,0
25,Mar 28, 2022 09:10:47.249906992 UTC,998,6,74.6.136.150,172.28.0.2,443,39746,946
26,Mar 28, 2022 09:10:47.249931421 UTC,52,6,172.28.0.2,74.6.136.150,39746,443,0
27,Mar 28, 2022 09:10:47.250024889 UTC,83,6,172.28.0.2,74.6.136.150,39746,443,31
28,Mar 28, 2022 09:10:47.250157926 UTC,76,6,172.28.0.2,74.6.136.150,39746,443,24
29,Mar 28, 2022 09:10:47.250946934 UTC,52,6,172.28.0.2,74.6.136.150,39746,443,0
30,Mar 28, 2022 09:10:47.267692158 UTC,52,6,74.6.136.150,172.28.0.2,443,39746,0
31,Mar 28, 2022 09:10:47.267715833 UTC,76,6,74.6.136.150,172.28.0.2,443,39746,24
32,Mar 28, 2022 09:10:47.267732637 UTC,40,6,172.28.0.2,74.6.136.150,39746,443,0
33,Mar 28, 2022 09:10:47.267716577 UTC,52,6,74.6.136.150,172.28.0.2,443,39746,0
34,Mar 28, 2022 09:10:47.267739950 UTC,40,6,172.28.0.2,74.6.136.150,39746,443,0
35,Mar 28, 2022 09:10:47.268650831 UTC,52,6,74.6.136.150,172.28.0.2,443,39746,0
36,Mar 28, 2022 09:10:47.268662477 UTC,40,6,172.28.0.2,74.6.136.150,39746,443,0
37,Mar 28, 2022 09:10:52.281299720 UTC,60,6,172.28.0.2,74.6.136.150,39764,443,0
38,Mar 28, 2022 09:10:52.299163885 UTC,60,6,74.6.136.150,172.28.0.2,443,39764,0
39,Mar 28, 2022 09:10:52.299199784 UTC,52,6,172.28.0.2,74.6.136.150,39764,443,0
40,Mar 28, 2022 09:10:52.305811123 UTC,569,6,172.28.0.2,74.6.136.150,39764,443,517
41,Mar 28, 2022 09:10:52.323600134 UTC,52,6,74.6.136.150,172.28.0.2,443,39764,0
42,Mar 28, 2022 09:10:52.324163418 UTC,4148,6,74.6.136.150,172.28.0.2,443,39764,4096
43,Mar 28, 2022 09:10:52.324188813 UTC,52,6,172.28.0.2,74.6.136.150,39764,443,0
44,Mar 28, 2022 09:10:52.325046214 UTC,1440,6,74.6.136.150,172.28.0.2,443,39764,1388
45,Mar 28, 2022 09:10:52.325059641 UTC,52,6,172.28.0.2,74.6.136.150,39764,443,0
46,Mar 28, 2022 09:10:52.326201623 UTC,116,6,172.28.0.2,74.6.136.150,39764,443,64
47,Mar 28, 2022 09:10:52.326404101 UTC,98,6,172.28.0.2,74.6.136.150,39764,443,46
48,Mar 28, 2022 09:10:52.326426718 UTC,101,6,172.28.0.2,74.6.136.150,39764,443,49
49,Mar 28, 2022 09:10:52.326455517 UTC,87,6,172.28.0.2,74.6.136.150,39764,443,35
50,Mar 28, 2022 09:10:52.326496378 UTC,119,6,172.28.0.2,74.6.136.150,39764,443,67
51,Mar 28, 2022 09:10:52.344189683 UTC,339,6,74.6.136.150,172.28.0.2,443,39764,287
52,Mar 28, 2022 09:10:52.344214235 UTC,52,6,172.28.0.2,74.6.136.150,39764,443,0
53,Mar 28, 2022 09:10:52.344191211 UTC,339,6,74.6.136.150,172.28.0.2,443,39764,287
54,Mar 28, 2022 09:10:52.344225802 UTC,52,6,172.28.0.2,74.6.136.150,39764,443,0
55,Mar 28, 2022 09:10:52.344262221 UTC,52,6,74.6.136.150,172.28.0.2,443,39764,0
56,Mar 28, 2022 09:10:52.345291676 UTC,1374,6,74.6.136.150,172.28.0.2,443,39764,1322
57,Mar 28, 2022 09:10:52.345306302 UTC,52,6,172.28.0.2,74.6.136.150,39764,443,0
58,Mar 28, 2022 09:10:52.345292954 UTC,1374,6,74.6.136.150,172.28.0.2,443,39764,1322
59,Mar 28, 2022 09:10:52.345316648 UTC,52,6,172.28.0.2,74.6.136.150,39764,443,0
60,Mar 28, 2022 09:10:52.345293575 UTC,1374,6,74.6.136.150,172.28.0.2,443,39764,1322
61,Mar 28, 2022 09:10:52.345319542 UTC,52,6,172.28.0.2,74.6.136.150,39764,443,0
62,Mar 28, 2022 09:10:52.345294198 UTC,998,6,74.6.136.150,172.28.0.2,443,39764,946
63,Mar 28, 2022 09:10:52.345325557 UTC,52,6,172.28.0.2,74.6.136.150,39764,443,0
64,Mar 28, 2022 09:10:52.345481655 UTC,83,6,172.28.0.2,74.6.136.150,39764,443,31
65,Mar 28, 2022 09:10:52.345601362 UTC,76,6,172.28.0.2,74.6.136.150,39764,443,24
66,Mar 28, 2022 09:10:52.346431208 UTC,52,6,172.28.0.2,74.6.136.150,39764,443,0
67,Mar 28, 2022 09:10:52.363392773 UTC,52,6,74.6.136.150,172.28.0.2,443,39764,0
68,Mar 28, 2022 09:10:52.363394272 UTC,76,6,74.6.136.150,172.28.0.2,443,39764,24
69,Mar 28, 2022 09:10:52.363430341 UTC,40,6,172.28.0.2,74.6.136.150,39764,443,0
70,Mar 28, 2022 09:10:52.363394936 UTC,52,6,74.6.136.150,172.28.0.2,443,39764,0
71,Mar 28, 2022 09:10:52.363439512 UTC,40,6,172.28.0.2,74.6.136.150,39764,443,0
72,Mar 28, 2022 09:10:52.364136955 UTC,52,6,74.6.136.150,172.28.0.2,443,39764,0
73,Mar 28, 2022 09:10:52.364152829 UTC,40,6,172.28.0.2,74.6.136.150,39764,443,0
74,Mar 28, 2022 09:10:57.374585343 UTC,60,6,172.28.0.2,74.6.136.150,39776,443,0
75,Mar 28, 2022 09:10:57.391832296 UTC,60,6,74.6.136.150,172.28.0.2,443,39776,0
76,Mar 28, 2022 09:10:57.391868345 UTC,52,6,172.28.0.2,74.6.136.150,39776,443,0
77,Mar 28, 2022 09:10:57.403348995 UTC,569,6,172.28.0.2,74.6.136.150,39776,443,517
78,Mar 28, 2022 09:10:57.420792869 UTC,52,6,74.6.136.150,172.28.0.2,443,39776,0
79,Mar 28, 2022 09:10:57.421427838 UTC,4148,6,74.6.136.150,172.28.0.2,443,39776,4096
80,Mar 28, 2022 09:10:57.421455925 UTC,52,6,172.28.0.2,74.6.136.150,39776,443,0
81,Mar 28, 2022 09:10:57.422391327 UTC,1440,6,74.6.136.150,172.28.0.2,443,39776,1388
82,Mar 28, 2022 09:10:57.422403045 UTC,52,6,172.28.0.2,74.6.136.150,39776,443,0
83,Mar 28, 2022 09:10:57.423086613 UTC,116,6,172.28.0.2,74.6.136.150,39776,443,64
84,Mar 28, 2022 09:10:57.423247301 UTC,98,6,172.28.0.2,74.6.136.150,39776,443,46
85,Mar 28, 2022 09:10:57.423271626 UTC,101,6,172.28.0.2,74.6.136.150,39776,443,49
86,Mar 28, 2022 09:10:57.423281813 UTC,87,6,172.28.0.2,74.6.136.150,39776,443,35
87,Mar 28, 2022 09:10:57.423312248 UTC,119,6,172.28.0.2,74.6.136.150,39776,443,67
88,Mar 28, 2022 09:10:57.440559980 UTC,339,6,74.6.136.150,172.28.0.2,443,39776,287
89,Mar 28, 2022 09:10:57.440584251 UTC,52,6,172.28.0.2,74.6.136.150,39776,443,0
90,Mar 28, 2022 09:10:57.440561381 UTC,339,6,74.6.136.150,172.28.0.2,443,39776,287
91,Mar 28, 2022 09:10:57.440596616 UTC,52,6,172.28.0.2,74.6.136.150,39776,443,0
92,Mar 28, 2022 09:10:57.441602089 UTC,1374,6,74.6.136.150,172.28.0.2,443,39776,1322
93,Mar 28, 2022 09:10:57.441617883 UTC,52,6,172.28.0.2,74.6.136.150,39776,443,0
94,Mar 28, 2022 09:10:57.441603492 UTC,1374,6,74.6.136.150,172.28.0.2,443,39776,1322
95,Mar 28, 2022 09:10:57.441629612 UTC,52,6,172.28.0.2,74.6.136.150,39776,443,0
96,Mar 28, 2022 09:10:57.441604150 UTC,1374,6,74.6.136.150,172.28.0.2,443,39776,1322
97,Mar 28, 2022 09:10:57.441632939 UTC,52,6,172.28.0.2,74.6.136.150,39776,443,0
98,Mar 28, 2022 09:10:57.441604804 UTC,998,6,74.6.136.150,172.28.0.2,443,39776,946
99,Mar 28, 2022 09:10:57.441638381 UTC,52,6,172.28.0.2,74.6.136.150,39776,443,0
100,Mar 28, 2022 09:10:57.443723158 UTC,83,6,172.28.0.2,74.6.136.150,39776,443,31
101,Mar 28, 2022 09:10:57.443922111 UTC,76,6,172.28.0.2,74.6.136.150,39776,443,24
102,Mar 28, 2022 09:10:57.444920005 UTC,52,6,172.28.0.2,74.6.136.150,39776,443,0
103,Mar 28, 2022 09:10:57.461092759 UTC,52,6,74.6.136.150,172.28.0.2,443,39776,0
104,Mar 28, 2022 09:10:57.461094397 UTC,76,6,74.6.136.150,172.28.0.2,443,39776,24
105,Mar 28, 2022 09:10:57.461129902 UTC,40,6,172.28.0.2,74.6.136.150,39776,443,0
106,Mar 28, 2022 09:10:57.461153435 UTC,52,6,74.6.136.150,172.28.0.2,443,39776,0
107,Mar 28, 2022 09:10:57.461157959 UTC,40,6,172.28.0.2,74.6.136.150,39776,443,0
108,Mar 28, 2022 09:10:57.462071530 UTC,52,6,74.6.136.150,172.28.0.2,443,39776,0
109,Mar 28, 2022 09:10:57.462085981 UTC,40,6,172.28.0.2,74.6.136.150,39776,443,0
110,Mar 28, 2022 09:11:02.473851111 UTC,60,6,172.28.0.2,74.6.136.150,39798,443,0
111,Mar 28, 2022 09:11:02.491545629 UTC,60,6,74.6.136.150,172.28.0.2,443,39798,0
112,Mar 28, 2022 09:11:02.491573832 UTC,52,6,172.28.0.2,74.6.136.150,39798,443,0
113,Mar 28, 2022 09:11:02.501852392 UTC,569,6,172.28.0.2,74.6.136.150,39798,443,517
114,Mar 28, 2022 09:11:02.519505428 UTC,52,6,74.6.136.150,172.28.0.2,443,39798,0
115,Mar 28, 2022 09:11:02.520096075 UTC,4148,6,74.6.136.150,172.28.0.2,443,39798,4096
116,Mar 28, 2022 09:11:02.520111481 UTC,52,6,172.28.0.2,74.6.136.150,39798,443,0
117,Mar 28, 2022 09:11:02.521091076 UTC,1440,6,74.6.136.150,172.28.0.2,443,39798,1388
118,Mar 28, 2022 09:11:02.521100343 UTC,52,6,172.28.0.2,74.6.136.150,39798,443,0
119,Mar 28, 2022 09:11:02.521697390 UTC,116,6,172.28.0.2,74.6.136.150,39798,443,64
120,Mar 28, 2022 09:11:02.521847813 UTC,98,6,172.28.0.2,74.6.136.150,39798,443,46
121,Mar 28, 2022 09:11:02.521862667 UTC,101,6,172.28.0.2,74.6.136.150,39798,443,49
122,Mar 28, 2022 09:11:02.521871724 UTC,87,6,172.28.0.2,74.6.136.150,39798,443,35
123,Mar 28, 2022 09:11:02.521919633 UTC,119,6,172.28.0.2,74.6.136.150,39798,443,67
124,Mar 28, 2022 09:11:02.539481015 UTC,339,6,74.6.136.150,172.28.0.2,443,39798,287
125,Mar 28, 2022 09:11:02.539502233 UTC,52,6,172.28.0.2,74.6.136.150,39798,443,0
126,Mar 28, 2022 09:11:02.539533170 UTC,339,6,74.6.136.150,172.28.0.2,443,39798,287
127,Mar 28, 2022 09:11:02.539537974 UTC,52,6,172.28.0.2,74.6.136.150,39798,443,0
128,Mar 28, 2022 09:11:02.540579858 UTC,1374,6,74.6.136.150,172.28.0.2,443,39798,1322
129,Mar 28, 2022 09:11:02.540595973 UTC,52,6,172.28.0.2,74.6.136.150,39798,443,0
130,Mar 28, 2022 09:11:02.540581212 UTC,1374,6,74.6.136.150,172.28.0.2,443,39798,1322
131,Mar 28, 2022 09:11:02.540605870 UTC,52,6,172.28.0.2,74.6.136.150,39798,443,0
132,Mar 28, 2022 09:11:02.540581899 UTC,1374,6,74.6.136.150,172.28.0.2,443,39798,1322
133,Mar 28, 2022 09:11:02.540609582 UTC,52,6,172.28.0.2,74.6.136.150,39798,443,0
134,Mar 28, 2022 09:11:02.540582526 UTC,998,6,74.6.136.150,172.28.0.2,443,39798,946
135,Mar 28, 2022 09:11:02.540616178 UTC,52,6,172.28.0.2,74.6.136.150,39798,443,0
136,Mar 28, 2022 09:11:02.540754478 UTC,83,6,172.28.0.2,74.6.136.150,39798,443,31
137,Mar 28, 2022 09:11:02.540904126 UTC,76,6,172.28.0.2,74.6.136.150,39798,443,24
138,Mar 28, 2022 09:11:02.541654589 UTC,52,6,172.28.0.2,74.6.136.150,39798,443,0
139,Mar 28, 2022 09:11:02.558548615 UTC,52,6,74.6.136.150,172.28.0.2,443,39798,0
140,Mar 28, 2022 09:11:02.558550493 UTC,76,6,74.6.136.150,172.28.0.2,443,39798,24
141,Mar 28, 2022 09:11:02.558587710 UTC,40,6,172.28.0.2,74.6.136.150,39798,443,0
142,Mar 28, 2022 09:11:02.558551213 UTC,52,6,74.6.136.150,172.28.0.2,443,39798,0
143,Mar 28, 2022 09:11:02.558596174 UTC,40,6,172.28.0.2,74.6.136.150,39798,443,0
144,Mar 28, 2022 09:11:02.559343718 UTC,52,6,74.6.136.150,172.28.0.2,443,39798,0
145,Mar 28, 2022 09:11:02.559357966 UTC,40,6,172.28.0.2,74.6.136.150,39798,443,0
146,Mar 28, 2022 09:11:07.570302679 UTC,60,6,172.28.0.2,74.6.136.150,39810,443,0
147,Mar 28, 2022 09:11:07.587152998 UTC,60,6,74.6.136.150,172.28.0.2,443,39810,0
148,Mar 28, 2022 09:11:07.587178637 UTC,52,6,172.28.0.2,74.6.136.150,39810,443,0
149,Mar 28, 2022 09:11:07.593596504 UTC,569,6,172.28.0.2,74.6.136.150,39810,443,517
150,Mar 28, 2022 09:11:07.610452296 UTC,52,6,74.6.136.150,172.28.0.2,443,39810,0
151,Mar 28, 2022 09:11:07.610911519 UTC,4148,6,74.6.136.150,172.28.0.2,443,39810,4096
152,Mar 28, 2022 09:11:07.610926053 UTC,52,6,172.28.0.2,74.6.136.150,39810,443,0
153,Mar 28, 2022 09:11:07.611792645 UTC,1440,6,74.6.136.150,172.28.0.2,443,39810,1388
154,Mar 28, 2022 09:11:07.611800143 UTC,52,6,172.28.0.2,74.6.136.150,39810,443,0
155,Mar 28, 2022 09:11:07.612363010 UTC,116,6,172.28.0.2,74.6.136.150,39810,443,64
156,Mar 28, 2022 09:11:07.612506936 UTC,98,6,172.28.0.2,74.6.136.150,39810,443,46
157,Mar 28, 2022 09:11:07.612521940 UTC,101,6,172.28.0.2,74.6.136.150,39810,443,49
158,Mar 28, 2022 09:11:07.612531148 UTC,87,6,172.28.0.2,74.6.136.150,39810,443,35
159,Mar 28, 2022 09:11:07.612559101 UTC,119,6,172.28.0.2,74.6.136.150,39810,443,67
160,Mar 28, 2022 09:11:07.629362581 UTC,339,6,74.6.136.150,172.28.0.2,443,39810,287
161,Mar 28, 2022 09:11:07.629382742 UTC,52,6,172.28.0.2,74.6.136.150,39810,443,0
162,Mar 28, 2022 09:11:07.629402264 UTC,339,6,74.6.136.150,172.28.0.2,443,39810,287
163,Mar 28, 2022 09:11:07.629418132 UTC,52,6,172.28.0.2,74.6.136.150,39810,443,0
164,Mar 28, 2022 09:11:07.630413997 UTC,1374,6,74.6.136.150,172.28.0.2,443,39810,1322
165,Mar 28, 2022 09:11:07.630421704 UTC,52,6,172.28.0.2,74.6.136.150,39810,443,0
166,Mar 28, 2022 09:11:07.630414901 UTC,1374,6,74.6.136.150,172.28.0.2,443,39810,1322
167,Mar 28, 2022 09:11:07.630427883 UTC,52,6,172.28.0.2,74.6.136.150,39810,443,0
168,Mar 28, 2022 09:11:07.630415527 UTC,1374,6,74.6.136.150,172.28.0.2,443,39810,1322
169,Mar 28, 2022 09:11:07.630430967 UTC,52,6,172.28.0.2,74.6.136.150,39810,443,0
170,Mar 28, 2022 09:11:07.630471680 UTC,998,6,74.6.136.150,172.28.0.2,443,39810,946
171,Mar 28, 2022 09:11:07.630476683 UTC,52,6,172.28.0.2,74.6.136.150,39810,443,0
172,Mar 28, 2022 09:11:07.630529523 UTC,83,6,172.28.0.2,74.6.136.150,39810,443,31
173,Mar 28, 2022 09:11:07.630646982 UTC,76,6,172.28.0.2,74.6.136.150,39810,443,24
174,Mar 28, 2022 09:11:07.631425106 UTC,52,6,172.28.0.2,74.6.136.150,39810,443,0
175,Mar 28, 2022 09:11:07.647412077 UTC,52,6,74.6.136.150,172.28.0.2,443,39810,0
176,Mar 28, 2022 09:11:07.647435021 UTC,76,6,74.6.136.150,172.28.0.2,443,39810,24
177,Mar 28, 2022 09:11:07.647449841 UTC,40,6,172.28.0.2,74.6.136.150,39810,443,0
178,Mar 28, 2022 09:11:07.647522168 UTC,52,6,74.6.136.150,172.28.0.2,443,39810,0
179,Mar 28, 2022 09:11:07.647527084 UTC,40,6,172.28.0.2,74.6.136.150,39810,443,0
180,Mar 28, 2022 09:11:07.648162070 UTC,52,6,74.6.136.150,172.28.0.2,443,39810,0
181,Mar 28, 2022 09:11:07.648165253 UTC,40,6,172.28.0.2,74.6.136.150,39810,443,0
182,Mar 28, 2022 09:11:12.660552699 UTC,60,6,172.28.0.2,74.6.136.150,39828,443,0
183,Mar 28, 2022 09:11:12.676672418 UTC,60,6,74.6.136.150,172.28.0.2,443,39828,0
184,Mar 28, 2022 09:11:12.676714560 UTC,52,6,172.28.0.2,74.6.136.150,39828,443,0
185,Mar 28, 2022 09:11:12.683624535 UTC,569,6,172.28.0.2,74.6.136.150,39828,443,517
186,Mar 28, 2022 09:11:12.699878226 UTC,52,6,74.6.136.150,172.28.0.2,443,39828,0
187,Mar 28, 2022 09:11:12.700615148 UTC,4148,6,74.6.136.150,172.28.0.2,443,39828,4096
188,Mar 28, 2022 09:11:12.700639391 UTC,52,6,172.28.0.2,74.6.136.150,39828,443,0
189,Mar 28, 2022 09:11:12.702419720 UTC,1440,6,74.6.136.150,172.28.0.2,443,39828,1388
190,Mar 28, 2022 09:11:12.702434384 UTC,52,6,172.28.0.2,74.6.136.150,39828,443,0
191,Mar 28, 2022 09:11:12.703143677 UTC,116,6,172.28.0.2,74.6.136.150,39828,443,64
192,Mar 28, 2022 09:11:12.703297998 UTC,98,6,172.28.0.2,74.6.136.150,39828,443,46
193,Mar 28, 2022 09:11:12.703319205 UTC,101,6,172.28.0.2,74.6.136.150,39828,443,49
194,Mar 28, 2022 09:11:12.703328891 UTC,87,6,172.28.0.2,74.6.136.150,39828,443,35
195,Mar 28, 2022 09:11:12.703357629 UTC,119,6,172.28.0.2,74.6.136.150,39828,443,67
196,Mar 28, 2022 09:11:12.719406350 UTC,339,6,74.6.136.150,172.28.0.2,443,39828,287
197,Mar 28, 2022 09:11:12.719431138 UTC,52,6,172.28.0.2,74.6.136.150,39828,443,0
198,Mar 28, 2022 09:11:12.719407936 UTC,339,6,74.6.136.150,172.28.0.2,443,39828,287
199,Mar 28, 2022 09:11:12.719442677 UTC,52,6,172.28.0.2,74.6.136.150,39828,443,0
200,Mar 28, 2022 09:11:12.720598143 UTC,1374,6,74.6.136.150,172.28.0.2,443,39828,1322
201,Mar 28, 2022 09:11:12.720614467 UTC,52,6,172.28.0.2,74.6.136.150,39828,443,0
202,Mar 28, 2022 09:11:12.720599493 UTC,1374,6,74.6.136.150,172.28.0.2,443,39828,1322
203,Mar 28, 2022 09:11:12.720623804 UTC,52,6,172.28.0.2,74.6.136.150,39828,443,0
204,Mar 28, 2022 09:11:12.720600177 UTC,1374,6,74.6.136.150,172.28.0.2,443,39828,1322
205,Mar 28, 2022 09:11:12.720626968 UTC,52,6,172.28.0.2,74.6.136.150,39828,443,0
206,Mar 28, 2022 09:11:12.720600836 UTC,998,6,74.6.136.150,172.28.0.2,443,39828,946
207,Mar 28, 2022 09:11:12.720632080 UTC,52,6,172.28.0.2,74.6.136.150,39828,443,0
208,Mar 28, 2022 09:11:12.720757427 UTC,83,6,172.28.0.2,74.6.136.150,39828,443,31
209,Mar 28, 2022 09:11:12.720897936 UTC,76,6,172.28.0.2,74.6.136.150,39828,443,24
210,Mar 28, 2022 09:11:12.721674053 UTC,52,6,172.28.0.2,74.6.136.150,39828,443,0
211,Mar 28, 2022 09:11:12.736886977 UTC,52,6,74.6.136.150,172.28.0.2,443,39828,0
212,Mar 28, 2022 09:11:12.736909864 UTC,76,6,74.6.136.150,172.28.0.2,443,39828,24
213,Mar 28, 2022 09:11:12.736926920 UTC,40,6,172.28.0.2,74.6.136.150,39828,443,0
214,Mar 28, 2022 09:11:12.736910647 UTC,52,6,74.6.136.150,172.28.0.2,443,39828,0
215,Mar 28, 2022 09:11:12.736935244 UTC,40,6,172.28.0.2,74.6.136.150,39828,443,0
216,Mar 28, 2022 09:11:12.737621873 UTC,52,6,74.6.136.150,172.28.0.2,443,39828,0
217,Mar 28, 2022 09:11:12.737629987 UTC,40,6,172.28.0.2,74.6.136.150,39828,443,0
218,Mar 28, 2022 09:11:17.751387667 UTC,60,6,172.28.0.2,74.6.136.150,39850,443,0
219,Mar 28, 2022 09:11:17.769919165 UTC,60,6,74.6.136.150,172.28.0.2,443,39850,0
220,Mar 28, 2022 09:11:17.769951828 UTC,52,6,172.28.0.2,74.6.136.150,39850,443,0
221,Mar 28, 2022 09:11:17.776813004 UTC,569,6,172.28.0.2,74.6.136.150,39850,443,517
222,Mar 28, 2022 09:11:17.795511520 UTC,52,6,74.6.136.150,172.28.0.2,443,39850,0
223,Mar 28, 2022 09:11:17.795974541 UTC,4148,6,74.6.136.150,172.28.0.2,443,39850,4096
224,Mar 28, 2022 09:11:17.795999735 UTC,52,6,172.28.0.2,74.6.136.150,39850,443,0
225,Mar 28, 2022 09:11:17.797663220 UTC,1440,6,74.6.136.150,172.28.0.2,443,39850,1388
226,Mar 28, 2022 09:11:17.797676773 UTC,52,6,172.28.0.2,74.6.136.150,39850,443,0
227,Mar 28, 2022 09:11:17.799128810 UTC,116,6,172.28.0.2,74.6.136.150,39850,443,64
228,Mar 28, 2022 09:11:17.799277425 UTC,98,6,172.28.0.2,74.6.136.150,39850,443,46
229,Mar 28, 2022 09:11:17.799300147 UTC,101,6,172.28.0.2,74.6.136.150,39850,443,49
230,Mar 28, 2022 09:11:17.799310603 UTC,87,6,172.28.0.2,74.6.136.150,39850,443,35
231,Mar 28, 2022 09:11:17.799338365 UTC,119,6,172.28.0.2,74.6.136.150,39850,443,67
232,Mar 28, 2022 09:11:17.817860932 UTC,339,6,74.6.136.150,172.28.0.2,443,39850,287
233,Mar 28, 2022 09:11:17.817886940 UTC,52,6,172.28.0.2,74.6.136.150,39850,443,0
234,Mar 28, 2022 09:11:17.817862552 UTC,339,6,74.6.136.150,172.28.0.2,443,39850,287
235,Mar 28, 2022 09:11:17.817898920 UTC,52,6,172.28.0.2,74.6.136.150,39850,443,0
236,Mar 28, 2022 09:11:17.819251720 UTC,1374,6,74.6.136.150,172.28.0.2,443,39850,1322
237,Mar 28, 2022 09:11:17.819264935 UTC,52,6,172.28.0.2,74.6.136.150,39850,443,0
238,Mar 28, 2022 09:11:17.819252846 UTC,1374,6,74.6.136.150,172.28.0.2,443,39850,1322
239,Mar 28, 2022 09:11:17.819273448 UTC,52,6,172.28.0.2,74.6.136.150,39850,443,0
240,Mar 28, 2022 09:11:17.819253493 UTC,1374,6,74.6.136.150,172.28.0.2,443,39850,1322
241,Mar 28, 2022 09:11:17.819276671 UTC,52,6,172.28.0.2,74.6.136.150,39850,443,0
242,Mar 28, 2022 09:11:17.819254085 UTC,998,6,74.6.136.150,172.28.0.2,443,39850,946
243,Mar 28, 2022 09:11:17.819281406 UTC,52,6,172.28.0.2,74.6.136.150,39850,443,0
244,Mar 28, 2022 09:11:17.819390637 UTC,83,6,172.28.0.2,74.6.136.150,39850,443,31
245,Mar 28, 2022 09:11:17.819508293 UTC,76,6,172.28.0.2,74.6.136.150,39850,443,24
246,Mar 28, 2022 09:11:17.820285665 UTC,52,6,172.28.0.2,74.6.136.150,39850,443,0
247,Mar 28, 2022 09:11:17.838048850 UTC,52,6,74.6.136.150,172.28.0.2,443,39850,0
248,Mar 28, 2022 09:11:17.838050530 UTC,76,6,74.6.136.150,172.28.0.2,443,39850,24
249,Mar 28, 2022 09:11:17.838087278 UTC,40,6,172.28.0.2,74.6.136.150,39850,443,0
250,Mar 28, 2022 09:11:17.838051238 UTC,52,6,74.6.136.150,172.28.0.2,443,39850,0
251,Mar 28, 2022 09:11:17.838096575 UTC,40,6,172.28.0.2,74.6.136.150,39850,443,0
252,Mar 28, 2022 09:11:17.838953212 UTC,52,6,74.6.136.150,172.28.0.2,443,39850,0
253,Mar 28, 2022 09:11:17.838968758 UTC,40,6,172.28.0.2,74.6.136.150,39850,443,0
254,Mar 28, 2022 09:11:22.847800576 UTC,60,6,172.28.0.2,74.6.136.150,39860,443,0
255,Mar 28, 2022 09:11:22.863140090 UTC,60,6,74.6.136.150,172.28.0.2,443,39860,0
256,Mar 28, 2022 09:11:22.863167601 UTC,52,6,172.28.0.2,74.6.136.150,39860,443,0
257,Mar 28, 2022 09:11:22.869590602 UTC,569,6,172.28.0.2,74.6.136.150,39860,443,517
258,Mar 28, 2022 09:11:22.884713025 UTC,52,6,74.6.136.150,172.28.0.2,443,39860,0
259,Mar 28, 2022 09:11:22.885207920 UTC,4148,6,74.6.136.150,172.28.0.2,443,39860,4096
260,Mar 28, 2022 09:11:22.885221560 UTC,52,6,172.28.0.2,74.6.136.150,39860,443,0
261,Mar 28, 2022 09:11:22.886086914 UTC,1440,6,74.6.136.150,172.28.0.2,443,39860,1388
262,Mar 28, 2022 09:11:22.886097195 UTC,52,6,172.28.0.2,74.6.136.150,39860,443,0
263,Mar 28, 2022 09:11:22.886687869 UTC,116,6,172.28.0.2,74.6.136.150,39860,443,64
264,Mar 28, 2022 09:11:22.886872552 UTC,98,6,172.28.0.2,74.6.136.150,39860,443,46
265,Mar 28, 2022 09:11:22.886891412 UTC,101,6,172.28.0.2,74.6.136.150,39860,443,49
266,Mar 28, 2022 09:11:22.886901365 UTC,87,6,172.28.0.2,74.6.136.150,39860,443,35
267,Mar 28, 2022 09:11:22.886930197 UTC,119,6,172.28.0.2,74.6.136.150,39860,443,67
268,Mar 28, 2022 09:11:22.902008614 UTC,339,6,74.6.136.150,172.28.0.2,443,39860,287
269,Mar 28, 2022 09:11:22.902026921 UTC,52,6,172.28.0.2,74.6.136.150,39860,443,0
270,Mar 28, 2022 09:11:22.902044484 UTC,339,6,74.6.136.150,172.28.0.2,443,39860,287
271,Mar 28, 2022 09:11:22.902051397 UTC,52,6,172.28.0.2,74.6.136.150,39860,443,0
272,Mar 28, 2022 09:11:22.903048034 UTC,1374,6,74.6.136.150,172.28.0.2,443,39860,1322
273,Mar 28, 2022 09:11:22.903056623 UTC,52,6,172.28.0.2,74.6.136.150,39860,443,0
274,Mar 28, 2022 09:11:22.903048976 UTC,1374,6,74.6.136.150,172.28.0.2,443,39860,1322
275,Mar 28, 2022 09:11:22.903062018 UTC,52,6,172.28.0.2,74.6.136.150,39860,443,0
276,Mar 28, 2022 09:11:22.903049628 UTC,1374,6,74.6.136.150,172.28.0.2,443,39860,1322
277,Mar 28, 2022 09:11:22.903064936 UTC,52,6,172.28.0.2,74.6.136.150,39860,443,0
278,Mar 28, 2022 09:11:22.903050300 UTC,998,6,74.6.136.150,172.28.0.2,443,39860,946
279,Mar 28, 2022 09:11:22.903069132 UTC,52,6,172.28.0.2,74.6.136.150,39860,443,0
280,Mar 28, 2022 09:11:22.903149969 UTC,83,6,172.28.0.2,74.6.136.150,39860,443,31
281,Mar 28, 2022 09:11:22.903260504 UTC,76,6,172.28.0.2,74.6.136.150,39860,443,24
282,Mar 28, 2022 09:11:22.904053987 UTC,52,6,172.28.0.2,74.6.136.150,39860,443,0
283,Mar 28, 2022 09:11:22.918477366 UTC,52,6,74.6.136.150,172.28.0.2,443,39860,0
284,Mar 28, 2022 09:11:22.918596259 UTC,76,6,74.6.136.150,172.28.0.2,443,39860,24
285,Mar 28, 2022 09:11:22.918620684 UTC,40,6,172.28.0.2,74.6.136.150,39860,443,0
286,Mar 28, 2022 09:11:22.918597682 UTC,52,6,74.6.136.150,172.28.0.2,443,39860,0
287,Mar 28, 2022 09:11:22.918628110 UTC,40,6,172.28.0.2,74.6.136.150,39860,443,0
288,Mar 28, 2022 09:11:22.919147952 UTC,52,6,74.6.136.150,172.28.0.2,443,39860,0
289,Mar 28, 2022 09:11:22.919152687 UTC,40,6,172.28.0.2,74.6.136.150,39860,443,0
290,Mar 28, 2022 09:11:28.428524125 UTC,60,6,172.28.0.2,74.6.136.150,39878,443,0
291,Mar 28, 2022 09:11:28.446643162 UTC,60,6,74.6.136.150,172.28.0.2,443,39878,0
292,Mar 28, 2022 09:11:28.446681843 UTC,52,6,172.28.0.2,74.6.136.150,39878,443,0
293,Mar 28, 2022 09:11:28.453412019 UTC,569,6,172.28.0.2,74.6.136.150,39878,443,517
294,Mar 28, 2022 09:11:28.470788060 UTC,52,6,74.6.136.150,172.28.0.2,443,39878,0
295,Mar 28, 2022 09:11:28.471276650 UTC,4148,6,74.6.136.150,172.28.0.2,443,39878,4096
296,Mar 28, 2022 09:11:28.471303088 UTC,52,6,172.28.0.2,74.6.136.150,39878,443,0
297,Mar 28, 2022 09:11:28.472078018 UTC,1440,6,74.6.136.150,172.28.0.2,443,39878,1388
298,Mar 28, 2022 09:11:28.472088610 UTC,52,6,172.28.0.2,74.6.136.150,39878,443,0
299,Mar 28, 2022 09:11:28.472710629 UTC,116,6,172.28.0.2,74.6.136.150,39878,443,64
300,Mar 28, 2022 09:11:28.472885235 UTC,98,6,172.28.0.2,74.6.136.150,39878,443,46
301,Mar 28, 2022 09:11:28.472901248 UTC,101,6,172.28.0.2,74.6.136.150,39878,443,49
302,Mar 28, 2022 09:11:28.472911154 UTC,87,6,172.28.0.2,74.6.136.150,39878,443,35
303,Mar 28, 2022 09:11:28.472940478 UTC,119,6,172.28.0.2,74.6.136.150,39878,443,67
304,Mar 28, 2022 09:11:28.490464674 UTC,339,6,74.6.136.150,172.28.0.2,443,39878,287
305,Mar 28, 2022 09:11:28.490492345 UTC,52,6,172.28.0.2,74.6.136.150,39878,443,0
306,Mar 28, 2022 09:11:28.490466756 UTC,339,6,74.6.136.150,172.28.0.2,443,39878,287
307,Mar 28, 2022 09:11:28.490504660 UTC,52,6,172.28.0.2,74.6.136.150,39878,443,0
308,Mar 28, 2022 09:11:28.491244498 UTC,1374,6,74.6.136.150,172.28.0.2,443,39878,1322
309,Mar 28, 2022 09:11:28.491261168 UTC,52,6,172.28.0.2,74.6.136.150,39878,443,0
310,Mar 28, 2022 09:11:28.491296171 UTC,1374,6,74.6.136.150,172.28.0.2,443,39878,1322
311,Mar 28, 2022 09:11:28.491301955 UTC,52,6,172.28.0.2,74.6.136.150,39878,443,0
312,Mar 28, 2022 09:11:28.491296904 UTC,1374,6,74.6.136.150,172.28.0.2,443,39878,1322
313,Mar 28, 2022 09:11:28.491305241 UTC,52,6,172.28.0.2,74.6.136.150,39878,443,0
314,Mar 28, 2022 09:11:28.491297534 UTC,998,6,74.6.136.150,172.28.0.2,443,39878,946
315,Mar 28, 2022 09:11:28.491310035 UTC,52,6,172.28.0.2,74.6.136.150,39878,443,0
316,Mar 28, 2022 09:11:28.491435173 UTC,83,6,172.28.0.2,74.6.136.150,39878,443,31
317,Mar 28, 2022 09:11:28.491556449 UTC,76,6,172.28.0.2,74.6.136.150,39878,443,24
318,Mar 28, 2022 09:11:28.492299460 UTC,52,6,172.28.0.2,74.6.136.150,39878,443,0
319,Mar 28, 2022 09:11:28.508651547 UTC,52,6,74.6.136.150,172.28.0.2,443,39878,0
320,Mar 28, 2022 09:11:28.508671273 UTC,76,6,74.6.136.150,172.28.0.2,443,39878,24
321,Mar 28, 2022 09:11:28.508687452 UTC,40,6,172.28.0.2,74.6.136.150,39878,443,0
322,Mar 28, 2022 09:11:28.508737351 UTC,52,6,74.6.136.150,172.28.0.2,443,39878,0
323,Mar 28, 2022 09:11:28.508742297 UTC,40,6,172.28.0.2,74.6.136.150,39878,443,0
324,Mar 28, 2022 09:11:28.509459746 UTC,52,6,74.6.136.150,172.28.0.2,443,39878,0
325,Mar 28, 2022 09:11:28.509463244 UTC,40,6,172.28.0.2,74.6.136.150,39878,443,0
326,Mar 28, 2022 09:11:33.520569759 UTC,60,6,172.28.0.2,74.6.136.150,39904,443,0
327,Mar 28, 2022 09:11:33.537564663 UTC,60,6,74.6.136.150,172.28.0.2,443,39904,0
328,Mar 28, 2022 09:11:33.537601576 UTC,52,6,172.28.0.2,74.6.136.150,39904,443,0
329,Mar 28, 2022 09:11:33.544172901 UTC,569,6,172.28.0.2,74.6.136.150,39904,443,517
330,Mar 28, 2022 09:11:33.561181308 UTC,52,6,74.6.136.150,172.28.0.2,443,39904,0
331,Mar 28, 2022 09:11:33.561667291 UTC,4148,6,74.6.136.150,172.28.0.2,443,39904,4096
332,Mar 28, 2022 09:11:33.561694248 UTC,52,6,172.28.0.2,74.6.136.150,39904,443,0
333,Mar 28, 2022 09:11:33.562509414 UTC,1440,6,74.6.136.150,172.28.0.2,443,39904,1388
334,Mar 28, 2022 09:11:33.562522932 UTC,52,6,172.28.0.2,74.6.136.150,39904,443,0
335,Mar 28, 2022 09:11:33.563195464 UTC,116,6,172.28.0.2,74.6.136.150,39904,443,64
336,Mar 28, 2022 09:11:33.563378959 UTC,98,6,172.28.0.2,74.6.136.150,39904,443,46
337,Mar 28, 2022 09:11:33.563396438 UTC,101,6,172.28.0.2,74.6.136.150,39904,443,49
338,Mar 28, 2022 09:11:33.563405891 UTC,87,6,172.28.0.2,74.6.136.150,39904,443,35
339,Mar 28, 2022 09:11:33.563433419 UTC,119,6,172.28.0.2,74.6.136.150,39904,443,67
340,Mar 28, 2022 09:11:33.580446002 UTC,339,6,74.6.136.150,172.28.0.2,443,39904,287
341,Mar 28, 2022 09:11:33.580473661 UTC,52,6,172.28.0.2,74.6.136.150,39904,443,0
342,Mar 28, 2022 09:11:33.580515498 UTC,339,6,74.6.136.150,172.28.0.2,443,39904,287
343,Mar 28, 2022 09:11:33.580519791 UTC,52,6,172.28.0.2,74.6.136.150,39904,443,0
344,Mar 28, 2022 09:11:33.581415901 UTC,1374,6,74.6.136.150,172.28.0.2,443,39904,1322
345,Mar 28, 2022 09:11:33.581431217 UTC,52,6,172.28.0.2,74.6.136.150,39904,443,0
346,Mar 28, 2022 09:11:33.581417155 UTC,1374,6,74.6.136.150,172.28.0.2,443,39904,1322
347,Mar 28, 2022 09:11:33.581441317 UTC,52,6,172.28.0.2,74.6.136.150,39904,443,0
348,Mar 28, 2022 09:11:33.581417848 UTC,1374,6,74.6.136.150,172.28.0.2,443,39904,1322
349,Mar 28, 2022 09:11:33.581444561 UTC,52,6,172.28.0.2,74.6.136.150,39904,443,0
350,Mar 28, 2022 09:11:33.581418497 UTC,998,6,74.6.136.150,172.28.0.2,443,39904,946
351,Mar 28, 2022 09:11:33.581449618 UTC,52,6,172.28.0.2,74.6.136.150,39904,443,0
352,Mar 28, 2022 09:11:33.581574661 UTC,83,6,172.28.0.2,74.6.136.150,39904,443,31
353,Mar 28, 2022 09:11:33.581694361 UTC,76,6,172.28.0.2,74.6.136.150,39904,443,24
354,Mar 28, 2022 09:11:33.582487832 UTC,52,6,172.28.0.2,74.6.136.150,39904,443,0
355,Mar 28, 2022 09:11:33.598583794 UTC,52,6,74.6.136.150,172.28.0.2,443,39904,0
356,Mar 28, 2022 09:11:33.598799826 UTC,76,6,74.6.136.150,172.28.0.2,443,39904,24
357,Mar 28, 2022 09:11:33.598828223 UTC,40,6,172.28.0.2,74.6.136.150,39904,443,0
358,Mar 28, 2022 09:11:33.598801447 UTC,52,6,74.6.136.150,172.28.0.2,443,39904,0
359,Mar 28, 2022 09:11:33.598836534 UTC,40,6,172.28.0.2,74.6.136.150,39904,443,0
360,Mar 28, 2022 09:11:33.599326578 UTC,52,6,74.6.136.150,172.28.0.2,443,39904,0
361,Mar 28, 2022 09:11:33.599339959 UTC,40,6,172.28.0.2,74.6.136.150,39904,443,0
